,,id,loan_amnt,funded_amnt,funded_amnt_inv,term,int_rate,installment,grade,sub_grade,emp_title,emp_length,home_ownership,annual_inc,verification_status,issue_d,loan_status,pymnt_plan,url,purpose,title,zip_code,addr_state,dti,delinq_2yrs,earliest_cr_line,fico_range_low,fico_range_high,inq_last_6mths,open_acc,pub_rec,revol_bal,revol_util,total_acc,initial_list_status,out_prncp,out_prncp_inv,total_pymnt,total_pymnt_inv,total_rec_prncp,total_rec_int,total_rec_late_fee,recoveries,collection_recovery_fee,last_pymnt_d,last_pymnt_amnt,last_credit_pull_d,last_fico_range_high,last_fico_range_low,collections_12_mths_ex_med,policy_code,application_type,acc_now_delinq,tot_coll_amt,tot_cur_bal,total_rev_hi_lim,acc_open_past_24mths,avg_cur_bal,bc_open_to_buy,bc_util,chargeoff_within_12_mths,delinq_amnt,mo_sin_old_il_acct,mo_sin_old_rev_tl_op,mo_sin_rcnt_rev_tl_op,mo_sin_rcnt_tl,mort_acc,mths_since_recent_bc,mths_since_recent_inq,num_accts_ever_120_pd,num_actv_bc_tl,num_actv_rev_tl,num_bc_sats,num_bc_tl,num_il_tl,num_op_rev_tl,num_rev_accts,num_rev_tl_bal_gt_0,num_sats,num_tl_120dpd_2m,num_tl_30dpd,num_tl_90g_dpd_24m,num_tl_op_past_12m,pct_tl_nvr_dlq,percent_bc_gt_75,pub_rec_bankruptcies,tax_liens,tot_hi_cred_lim,total_bal_ex_mort,total_bc_limit,total_il_high_credit_limit,hardship_flag,disbursement_method,debt_settlement_flag,default
inicio,0,68407277,3600.0,3600.0,3600.0, 36 months,13.99,123.03,C,C4,leadman,10+ years,MORTGAGE,55000.0,Not Verified,Dec-2015,Fully Paid,n,https://lendingclub.com/browse/loanDetail.action?loan_id=68407277,debt_consolidation,Debt consolidation,190xx,PA,5.91,0.0,Aug-2003,675.0,679.0,1.0,7.0,0.0,2765.0,29.7,13.0,w,0.0,0.0,4421.723916800001,4421.72,3600.0,821.72,0.0,0.0,0.0,Jan-2019,122.67,Mar-2019,564.0,560.0,0.0,1.0,Individual,0.0,722.0,144904.0,9300.0,4.0,20701.0,1506.0,37.2,0.0,0.0,148.0,128.0,3.0,3.0,1.0,4.0,4.0,2.0,2.0,4.0,2.0,5.0,3.0,4.0,9.0,4.0,7.0,0.0,0.0,0.0,3.0,76.9,0.0,0.0,0.0,178050.0,7746.0,2400.0,13734.0,N,Cash,N,0
inicio,1,68355089,24700.0,24700.0,24700.0, 36 months,11.99,820.28,C,C1,Engineer,10+ years,MORTGAGE,65000.0,Not Verified,Dec-2015,Fully Paid,n,https://lendingclub.com/browse/loanDetail.action?loan_id=68355089,small_business,Business,577xx,SD,16.06,1.0,Dec-1999,715.0,719.0,4.0,22.0,0.0,21470.0,19.2,38.0,w,0.0,0.0,25679.66,25679.66,24700.0,979.66,0.0,0.0,0.0,Jun-2016,926.35,Mar-2019,699.0,695.0,0.0,1.0,Individual,0.0,0.0,204396.0,111800.0,4.0,9733.0,57830.0,27.1,0.0,0.0,113.0,192.0,2.0,2.0,4.0,2.0,0.0,0.0,5.0,5.0,13.0,17.0,6.0,20.0,27.0,5.0,22.0,0.0,0.0,0.0,2.0,97.4,7.7,0.0,0.0,314017.0,39475.0,79300.0,24667.0,N,Cash,N,0
inicio,2,68341763,20000.0,20000.0,20000.0, 60 months,10.78,432.66,B,B4,truck driver,10+ years,MORTGAGE,63000.0,Not Verified,Dec-2015,Fully Paid,n,https://lendingclub.com/browse/loanDetail.action?loan_id=68341763,home_improvement,,605xx,IL,10.78,0.0,Aug-2000,695.0,699.0,0.0,6.0,0.0,7869.0,56.2,18.0,w,0.0,0.0,22705.9242938784,22705.92,20000.0,2705.92,0.0,0.0,0.0,Jun-2017,15813.3,Mar-2019,704.0,700.0,0.0,1.0,Joint App,0.0,0.0,189699.0,14000.0,6.0,31617.0,2737.0,55.9,0.0,0.0,125.0,184.0,14.0,14.0,5.0,101.0,10.0,0.0,2.0,3.0,2.0,4.0,6.0,4.0,7.0,3.0,6.0,0.0,0.0,0.0,0.0,100.0,50.0,0.0,0.0,218418.0,18696.0,6200.0,14877.0,N,Cash,N,0
inicio,4,68476807,10400.0,10400.0,10400.0, 60 months,22.45,289.91,F,F1,Contract Specialist,3 years,MORTGAGE,104433.0,Source Verified,Dec-2015,Fully Paid,n,https://lendingclub.com/browse/loanDetail.action?loan_id=68476807,major_purchase,Major purchase,174xx,PA,25.37,1.0,Jun-1998,695.0,699.0,3.0,12.0,0.0,21929.0,64.5,35.0,w,0.0,0.0,11740.5,11740.5,10400.0,1340.5,0.0,0.0,0.0,Jul-2016,10128.96,Mar-2018,704.0,700.0,0.0,1.0,Individual,0.0,0.0,331730.0,34000.0,10.0,27644.0,4567.0,77.5,0.0,0.0,128.0,210.0,4.0,4.0,6.0,4.0,1.0,0.0,4.0,6.0,5.0,9.0,10.0,7.0,19.0,6.0,12.0,0.0,0.0,0.0,4.0,96.6,60.0,0.0,0.0,439570.0,95768.0,20300.0,88097.0,N,Cash,N,0
inicio,5,68426831,11950.0,11950.0,11950.0, 36 months,13.44,405.18,C,C3,Veterinary Tecnician,4 years,RENT,34000.0,Source Verified,Dec-2015,Fully Paid,n,https://lendingclub.com/browse/loanDetail.action?loan_id=68426831,debt_consolidation,Debt consolidation,300xx,GA,10.2,0.0,Oct-1987,690.0,694.0,0.0,5.0,0.0,8822.0,68.4,6.0,w,0.0,0.0,13708.9485297572,13708.95,11950.0,1758.95,0.0,0.0,0.0,May-2017,7653.56,May-2017,759.0,755.0,0.0,1.0,Individual,0.0,0.0,12798.0,12900.0,0.0,2560.0,844.0,91.0,0.0,0.0,338.0,54.0,32.0,32.0,0.0,36.0,,0.0,2.0,3.0,2.0,2.0,2.0,4.0,4.0,3.0,5.0,0.0,0.0,0.0,0.0,100.0,100.0,0.0,0.0,16900.0,12798.0,9400.0,4000.0,N,Cash,N,0
inicio,6,68476668,20000.0,20000.0,20000.0, 36 months,9.17,637.58,B,B2,Vice President of Recruiting Operations,10+ years,MORTGAGE,180000.0,Not Verified,Dec-2015,Fully Paid,n,https://lendingclub.com/browse/loanDetail.action?loan_id=68476668,debt_consolidation,Debt consolidation,550xx,MN,14.67,0.0,Jun-1990,680.0,684.0,0.0,12.0,0.0,87329.0,84.5,27.0,f,0.0,0.0,21393.800000011,21393.8,20000.0,1393.8,0.0,0.0,0.0,Nov-2016,15681.05,Mar-2019,654.0,650.0,0.0,1.0,Individual,0.0,0.0,360358.0,94200.0,6.0,30030.0,0.0,102.9,0.0,0.0,142.0,306.0,10.0,10.0,4.0,12.0,10.0,0.0,4.0,6.0,4.0,5.0,7.0,9.0,16.0,6.0,12.0,0.0,0.0,0.0,2.0,96.3,100.0,0.0,0.0,388852.0,116762.0,31500.0,46452.0,N,Cash,N,0
inicio,7,67275481,20000.0,20000.0,20000.0, 36 months,8.49,631.26,B,B1,road driver,10+ years,MORTGAGE,85000.0,Not Verified,Dec-2015,Fully Paid,n,https://lendingclub.com/browse/loanDetail.action?loan_id=67275481,major_purchase,Major purchase,293xx,SC,17.61,1.0,Feb-1999,705.0,709.0,0.0,8.0,0.0,826.0,5.7,15.0,w,0.0,0.0,21538.508976797,21538.51,20000.0,1538.51,0.0,0.0,0.0,Jan-2017,14618.23,Mar-2019,674.0,670.0,0.0,1.0,Individual,0.0,0.0,141601.0,14500.0,4.0,17700.0,13674.0,5.7,0.0,0.0,149.0,55.0,32.0,13.0,3.0,32.0,8.0,1.0,2.0,2.0,3.0,3.0,9.0,3.0,3.0,2.0,8.0,0.0,0.0,1.0,0.0,93.3,0.0,0.0,0.0,193390.0,27937.0,14500.0,36144.0,N,Cash,N,0
inicio,8,68466926,10000.0,10000.0,10000.0, 36 months,6.49,306.45,A,A2,SERVICE MANAGER,6 years,RENT,85000.0,Not Verified,Dec-2015,Fully Paid,n,https://lendingclub.com/browse/loanDetail.action?loan_id=68466926,credit_card,Credit card refinancing,160xx,PA,13.07,0.0,Apr-2002,685.0,689.0,1.0,14.0,1.0,10464.0,34.5,23.0,w,0.0,0.0,10998.9715749644,10998.97,10000.0,998.97,0.0,0.0,0.0,Aug-2018,1814.48,Mar-2019,719.0,715.0,0.0,1.0,Individual,0.0,8341.0,27957.0,30300.0,7.0,1997.0,8182.0,50.1,0.0,0.0,164.0,129.0,1.0,1.0,1.0,4.0,1.0,0.0,6.0,9.0,7.0,10.0,3.0,13.0,19.0,9.0,14.0,0.0,0.0,0.0,2.0,95.7,28.6,1.0,0.0,61099.0,27957.0,16400.0,30799.0,N,Cash,N,0
inicio,9,68616873,8000.0,8000.0,8000.0, 36 months,11.48,263.74,B,B5,Vendor liaison,10+ years,MORTGAGE,42000.0,Not Verified,Dec-2015,Fully Paid,n,https://lendingclub.com/browse/loanDetail.action?loan_id=68616873,credit_card,Credit card refinancing,029xx,RI,34.8,0.0,Nov-1994,700.0,704.0,0.0,8.0,0.0,7034.0,39.1,18.0,w,0.0,0.0,8939.5805031401,8939.58,8000.0,939.58,0.0,0.0,0.0,Apr-2017,4996.24,Nov-2018,679.0,675.0,0.0,1.0,Individual,0.0,0.0,199696.0,18000.0,5.0,28528.0,9966.0,41.4,0.0,0.0,155.0,253.0,15.0,10.0,1.0,50.0,10.0,1.0,3.0,3.0,3.0,6.0,5.0,5.0,11.0,3.0,8.0,0.0,0.0,0.0,2.0,94.4,33.3,0.0,0.0,256513.0,113782.0,17000.0,135513.0,N,Cash,N,0
inicio,12,68338832,1400.0,1400.0,1400.0, 36 months,12.88,47.1,C,C2,Logistics Manager,3 years,MORTGAGE,64000.0,Not Verified,Dec-2015,Fully Paid,n,https://lendingclub.com/browse/loanDetail.action?loan_id=68338832,other,,275xx,NC,34.95,0.0,Jun-1996,700.0,704.0,0.0,17.0,0.0,37828.0,67.2,24.0,w,0.0,0.0,1575.160697674,1575.16,1400.0,175.16,0.0,0.0,0.0,Mar-2017,965.36,Sep-2018,704.0,700.0,0.0,1.0,Individual,0.0,0.0,325695.0,56300.0,4.0,19159.0,7940.0,77.0,0.0,0.0,46.0,234.0,18.0,2.0,4.0,28.0,18.0,0.0,7.0,11.0,8.0,11.0,3.0,12.0,17.0,11.0,17.0,0.0,0.0,0.0,1.0,100.0,75.0,0.0,0.0,372109.0,75258.0,34500.0,55501.0,N,Cash,N,0
inicio,13,66624733,18000.0,18000.0,18000.0, 60 months,19.48,471.7,E,E2,Software Manager,7 years,RENT,150000.0,Not Verified,Dec-2015,Charged Off,n,https://lendingclub.com/browse/loanDetail.action?loan_id=66624733,debt_consolidation,Debt consolidation,916xx,CA,9.39,0.0,Jun-2005,665.0,669.0,1.0,18.0,1.0,14052.0,40.7,27.0,w,0.0,0.0,9452.74,9452.74,3481.86,4351.98,0.0,1618.9,291.402,May-2017,471.7,Nov-2017,584.0,580.0,0.0,1.0,Individual,0.0,60.0,36247.0,34500.0,7.0,2014.0,5128.0,51.3,0.0,0.0,115.0,112.0,1.0,1.0,2.0,9.0,2.0,0.0,6.0,13.0,7.0,8.0,6.0,16.0,19.0,13.0,18.0,0.0,0.0,0.0,3.0,100.0,14.3,1.0,0.0,65819.0,36247.0,10300.0,31319.0,N,Cash,N,1
inicio,14,68466961,28000.0,28000.0,28000.0, 36 months,6.49,858.05,A,A2,Senior Manager,10+ years,MORTGAGE,92000.0,Not Verified,Dec-2015,Fully Paid,n,https://lendingclub.com/browse/loanDetail.action?loan_id=68466961,debt_consolidation,Debt consolidation,275xx,NC,21.6,0.0,May-1984,720.0,724.0,0.0,16.0,0.0,51507.0,64.5,24.0,w,0.0,0.0,29939.017729337003,29939.02,28000.0,1939.02,0.0,0.0,0.0,May-2017,17093.51,Mar-2019,764.0,760.0,0.0,1.0,Individual,0.0,0.0,221110.0,79900.0,1.0,13819.0,16623.0,59.9,0.0,0.0,82.0,379.0,19.0,19.0,2.0,19.0,,0.0,7.0,9.0,9.0,11.0,4.0,13.0,18.0,9.0,16.0,0.0,0.0,0.0,0.0,91.7,22.2,0.0,0.0,304003.0,74920.0,41500.0,42503.0,N,Cash,N,0
inicio,15,68354783,9600.0,9600.0,9600.0, 36 months,7.49,298.58,A,A4,tech,8 years,MORTGAGE,60000.0,Not Verified,Dec-2015,Fully Paid,n,https://lendingclub.com/browse/loanDetail.action?loan_id=68354783,credit_card,Credit card refinancing,299xx,SC,22.44,0.0,Jun-1996,695.0,699.0,0.0,7.0,0.0,7722.0,59.4,9.0,w,0.0,0.0,10636.0984276928,10636.1,9600.0,1036.1,0.0,0.0,0.0,Feb-2018,3480.17,Aug-2018,779.0,775.0,0.0,1.0,Individual,0.0,0.0,55387.0,13000.0,2.0,7912.0,4778.0,61.8,0.0,0.0,234.0,91.0,9.0,9.0,0.0,11.0,9.0,0.0,3.0,3.0,3.0,3.0,5.0,4.0,4.0,3.0,7.0,0.0,0.0,0.0,2.0,100.0,66.7,0.0,0.0,88635.0,55387.0,12500.0,75635.0,N,Cash,N,0
inicio,16,68466916,25000.0,25000.0,25000.0, 36 months,7.49,777.55,A,A4,Sales Manager,10+ years,MORTGAGE,109000.0,Not Verified,Dec-2015,Fully Paid,n,https://lendingclub.com/browse/loanDetail.action?loan_id=68466916,debt_consolidation,Debt consolidation,226xx,VA,26.02,0.0,Dec-2001,745.0,749.0,1.0,9.0,0.0,20862.0,54.3,19.0,w,0.0,0.0,26224.23,26224.23,25000.0,1224.23,0.0,0.0,0.0,Sep-2016,20807.39,Apr-2017,724.0,720.0,0.0,1.0,Individual,0.0,0.0,305781.0,38400.0,2.0,33976.0,17538.0,54.3,0.0,0.0,142.0,168.0,13.0,13.0,3.0,13.0,0.0,0.0,3.0,3.0,5.0,6.0,7.0,5.0,9.0,3.0,9.0,0.0,0.0,0.0,0.0,100.0,20.0,0.0,0.0,373572.0,68056.0,38400.0,82117.0,N,Cash,N,0
inicio,17,68577849,18000.0,18000.0,18000.0, 60 months,11.99,400.31,C,C1,GS-11,10+ years,MORTGAGE,112000.0,Not Verified,Dec-2015,Fully Paid,n,https://lendingclub.com/browse/loanDetail.action?loan_id=68577849,debt_consolidation,Debt consolidation,856xx,AZ,8.68,0.0,Nov-1993,800.0,804.0,0.0,17.0,0.0,10711.0,15.5,27.0,w,0.0,0.0,18387.22,18387.22,18000.0,387.22,0.0,0.0,0.0,Mar-2016,18004.9,Mar-2019,794.0,790.0,0.0,1.0,Individual,0.0,0.0,205067.0,82400.0,5.0,17089.0,60336.0,16.7,0.0,0.0,109.0,265.0,1.0,1.0,4.0,1.0,10.0,0.0,5.0,6.0,12.0,12.0,6.0,15.0,17.0,6.0,16.0,0.0,0.0,0.0,4.0,100.0,0.0,0.0,0.0,309710.0,36127.0,69800.0,26210.0,N,Cash,N,0
inicio,19,68495092,8650.0,8650.0,8650.0, 36 months,19.89,320.99,E,E3,Program Coordinator ,8 years,RENT,55000.0,Verified,Dec-2015,Fully Paid,n,https://lendingclub.com/browse/loanDetail.action?loan_id=68495092,debt_consolidation,Debt consolidation,462xx,IN,25.49,0.0,Mar-2005,675.0,679.0,4.0,18.0,1.0,9568.0,46.0,19.0,w,0.0,0.0,9190.49,9190.49,8650.0,540.49,0.0,0.0,0.0,May-2016,8251.42,Jun-2016,639.0,635.0,0.0,1.0,Individual,0.0,0.0,18926.0,20750.0,17.0,1051.0,1375.0,45.0,0.0,0.0,129.0,95.0,0.0,0.0,0.0,8.0,0.0,0.0,2.0,17.0,2.0,2.0,2.0,17.0,17.0,13.0,18.0,,0.0,0.0,12.0,100.0,50.0,1.0,0.0,38998.0,18926.0,2750.0,18248.0,N,Cash,N,0
inicio,20,68566886,29900.0,29900.0,29900.0, 60 months,12.88,678.49,C,C2,Corporate Insurance,10+ years,MORTGAGE,65000.0,Verified,Dec-2015,Fully Paid,n,https://lendingclub.com/browse/loanDetail.action?loan_id=68566886,debt_consolidation,Debt consolidation,219xx,MD,21.77,0.0,May-2004,715.0,719.0,0.0,15.0,0.0,31682.0,46.7,31.0,w,0.0,0.0,34033.2141762065,34033.21,29900.0,4133.21,0.0,0.0,0.0,Mar-2017,25234.24,Jan-2018,719.0,715.0,0.0,1.0,Individual,0.0,0.0,220251.0,67800.0,7.0,15732.0,18383.0,45.9,0.0,0.0,114.0,139.0,5.0,5.0,2.0,5.0,9.0,0.0,2.0,5.0,4.0,9.0,8.0,13.0,21.0,5.0,15.0,0.0,0.0,0.0,4.0,100.0,25.0,0.0,0.0,271700.0,42497.0,34000.0,15574.0,N,Cash,N,0
inicio,21,68009401,16000.0,16000.0,16000.0, 60 months,14.85,379.39,C,C5,Bookkeeper/Accounting,10+ years,MORTGAGE,48000.0,Not Verified,Dec-2015,Fully Paid,n,https://lendingclub.com/browse/loanDetail.action?loan_id=68009401,credit_card,Credit card refinancing,297xx,SC,33.18,0.0,Jun-1991,685.0,689.0,0.0,11.0,2.0,19108.0,29.6,19.0,w,0.0,0.0,19498.0921090548,19498.09,16000.0,3498.09,0.0,0.0,0.0,Sep-2017,12322.68,Sep-2017,664.0,660.0,0.0,1.0,Individual,0.0,0.0,31329.0,284700.0,6.0,2848.0,263953.0,17.6,0.0,0.0,131.0,294.0,11.0,6.0,2.0,11.0,11.0,2.0,6.0,9.0,6.0,8.0,6.0,9.0,11.0,9.0,11.0,0.0,0.0,0.0,2.0,78.9,0.0,0.0,2.0,298100.0,31329.0,281300.0,13400.0,N,Cash,N,0
inicio,22,68476702,28000.0,28000.0,28000.0, 36 months,13.44,949.38,C,C3,Director of Product Development ,2 years,OWN,125000.0,Source Verified,Dec-2015,Fully Paid,n,https://lendingclub.com/browse/loanDetail.action?loan_id=68476702,debt_consolidation,Debt consolidation,100xx,NY,7.49,0.0,May-2000,695.0,699.0,0.0,6.0,0.0,22780.0,63.1,22.0,w,0.0,0.0,33320.393323799,33320.39,28000.0,5320.39,0.0,0.0,0.0,Dec-2017,12486.3,Mar-2019,744.0,740.0,0.0,1.0,Individual,0.0,0.0,22780.0,36100.0,1.0,3797.0,10607.0,63.4,0.0,0.0,113.0,187.0,22.0,22.0,0.0,22.0,10.0,0.0,4.0,4.0,5.0,10.0,3.0,6.0,19.0,5.0,6.0,0.0,0.0,0.0,0.0,100.0,40.0,0.0,0.0,36100.0,22780.0,29000.0,0.0,N,Cash,N,0
inicio,23,68436666,5000.0,5000.0,5000.0, 36 months,13.44,169.54,C,C3,General Manager,2 years,RENT,79000.0,Verified,Dec-2015,Fully Paid,n,https://lendingclub.com/browse/loanDetail.action?loan_id=68436666,credit_card,Credit card refinancing,214xx,MD,12.7,0.0,Oct-2011,665.0,669.0,0.0,3.0,0.0,9441.0,101.5,5.0,w,0.0,0.0,6117.4531971568,6117.45,5000.0,1117.45,0.0,0.0,0.0,Jan-2019,169.17,Mar-2019,659.0,655.0,0.0,1.0,Individual,0.0,0.0,35653.0,9300.0,1.0,11884.0,0.0,101.4,0.0,0.0,50.0,36.0,32.0,19.0,0.0,36.0,19.0,0.0,1.0,2.0,1.0,1.0,3.0,2.0,2.0,2.0,3.0,0.0,0.0,0.0,0.0,100.0,100.0,0.0,0.0,41091.0,35653.0,4300.0,31791.0,N,Cash,N,0
inicio,24,68476715,6000.0,6000.0,6000.0, 36 months,7.49,186.61,A,A4,Analyst,10+ years,MORTGAGE,100000.0,Not Verified,Dec-2015,Fully Paid,n,https://lendingclub.com/browse/loanDetail.action?loan_id=68476715,debt_consolidation,Debt consolidation,750xx,TX,13.28,1.0,May-1994,695.0,699.0,1.0,9.0,0.0,8563.0,72.0,16.0,w,0.0,0.0,6711.710106701999,6711.71,6000.0,711.71,0.0,0.0,0.0,Jan-2019,186.6,Mar-2019,719.0,715.0,0.0,1.0,Individual,0.0,0.0,116195.0,11900.0,1.0,12911.0,437.0,88.5,0.0,0.0,124.0,259.0,18.0,18.0,2.0,36.0,6.0,0.0,2.0,4.0,2.0,6.0,4.0,5.0,9.0,4.0,9.0,0.0,0.0,0.0,0.0,93.7,50.0,0.0,0.0,156354.0,22741.0,3800.0,36083.0,N,Cash,N,0
inicio,25,67849662,4225.0,4225.0,4225.0, 36 months,14.85,146.16,C,C5,mechanic,5 years,RENT,35000.0,Source Verified,Dec-2015,Charged Off,n,https://lendingclub.com/browse/loanDetail.action?loan_id=67849662,debt_consolidation,Debt consolidation,672xx,KS,15.22,2.0,Jul-2011,725.0,729.0,0.0,6.0,0.0,1058.0,24.6,6.0,w,0.0,0.0,2558.87,2558.87,1536.9,653.6,0.0,368.37,66.3066,Apr-2017,146.16,Dec-2017,499.0,0.0,0.0,1.0,Individual,0.0,0.0,4888.0,4300.0,0.0,815.0,2233.0,14.1,0.0,0.0,47.0,53.0,26.0,26.0,0.0,26.0,14.0,0.0,1.0,2.0,3.0,3.0,1.0,5.0,5.0,2.0,6.0,0.0,0.0,0.0,0.0,66.7,0.0,0.0,0.0,21822.0,4888.0,2600.0,17522.0,N,Cash,N,1
inicio,26,68596180,20000.0,20000.0,20000.0, 36 months,5.32,602.3,A,A1,driver,9 years,OWN,65000.0,Not Verified,Dec-2015,Fully Paid,n,https://lendingclub.com/browse/loanDetail.action?loan_id=68596180,debt_consolidation,Debt consolidation,125xx,NY,18.83,0.0,May-1991,835.0,839.0,1.0,12.0,0.0,2269.0,3.0,17.0,w,0.0,0.0,21631.7243289042,21631.72,20000.0,1631.72,0.0,0.0,0.0,Aug-2018,3577.5,Aug-2018,809.0,805.0,0.0,1.0,Individual,0.0,0.0,15444.0,76200.0,2.0,1287.0,73931.0,3.0,0.0,0.0,63.0,295.0,19.0,15.0,0.0,19.0,4.0,0.0,3.0,3.0,10.0,11.0,4.0,10.0,13.0,3.0,12.0,0.0,0.0,0.0,0.0,100.0,0.0,0.0,0.0,106217.0,15444.0,76200.0,30017.0,N,Cash,N,0
inicio,27,68526907,16000.0,16000.0,16000.0, 60 months,17.97,406.04,D,D4,Professional Sales Associate,< 1 year,MORTGAGE,109000.0,Source Verified,Dec-2015,Fully Paid,n,https://lendingclub.com/browse/loanDetail.action?loan_id=68526907,debt_consolidation,Debt consolidation,880xx,NM,23.35,0.0,Apr-2002,680.0,684.0,1.0,11.0,0.0,42469.0,87.6,33.0,w,0.0,0.0,17471.57,17471.57,16000.0,1471.57,0.0,0.0,0.0,Jul-2016,15481.3,Jul-2016,679.0,675.0,0.0,1.0,Individual,0.0,0.0,182936.0,48500.0,5.0,16631.0,0.0,100.8,0.0,0.0,149.0,164.0,3.0,3.0,1.0,13.0,1.0,0.0,3.0,6.0,3.0,13.0,10.0,8.0,22.0,6.0,11.0,0.0,0.0,0.0,3.0,100.0,100.0,0.0,0.0,228050.0,63158.0,15800.0,22000.0,N,Cash,N,0
inicio,28,68607141,17600.0,17600.0,17600.0, 36 months,5.32,530.03,A,A1,Network Security Specialist III,< 1 year,MORTGAGE,88000.0,Source Verified,Dec-2015,Fully Paid,n,https://lendingclub.com/browse/loanDetail.action?loan_id=68607141,credit_card,Credit card refinancing,672xx,KS,26.59,0.0,May-2001,780.0,784.0,0.0,20.0,0.0,12203.0,34.4,42.0,w,0.0,0.0,18305.08,18305.08,17600.0,705.08,0.0,0.0,0.0,Nov-2016,17.88,Aug-2018,779.0,775.0,0.0,1.0,Individual,0.0,0.0,229082.0,35500.0,5.0,12057.0,11397.0,51.7,0.0,0.0,160.0,175.0,37.0,9.0,5.0,37.0,10.0,0.0,2.0,2.0,4.0,7.0,24.0,8.0,13.0,2.0,20.0,0.0,0.0,0.0,1.0,100.0,0.0,0.0,0.0,285027.0,80847.0,23600.0,92701.0,N,Cash,N,0
inicio,29,68526883,15000.0,15000.0,15000.0, 36 months,5.32,451.73,A,A1,DEPUTY SHERIFF,10+ years,MORTGAGE,44000.0,Source Verified,Dec-2015,Fully Paid,n,https://lendingclub.com/browse/loanDetail.action?loan_id=68526883,home_improvement,Home improvement,238xx,VA,15.34,0.0,Jun-2002,685.0,689.0,1.0,7.0,0.0,17003.0,50.3,21.0,w,0.0,0.0,16280.5624758564,16280.56,15000.0,1257.97,22.59,0.0,0.0,Jan-2019,455.59,Jan-2019,694.0,690.0,0.0,1.0,Individual,0.0,0.0,17003.0,33800.0,2.0,2429.0,7011.0,51.0,0.0,0.0,141.0,162.0,13.0,13.0,2.0,34.0,5.0,0.0,2.0,6.0,2.0,4.0,5.0,7.0,14.0,6.0,7.0,0.0,0.0,0.0,0.0,90.5,0.0,0.0,0.0,33800.0,17003.0,14300.0,0.0,N,Cash,N,0
inicio,30,67715283,16000.0,16000.0,16000.0, 36 months,12.88,538.18,C,C2,"Owner, Fee Appraiser ",10+ years,MORTGAGE,65000.0,Not Verified,Dec-2015,Charged Off,n,https://lendingclub.com/browse/loanDetail.action?loan_id=67715283,small_business,Business,354xx,AL,18.96,0.0,Dec-1985,675.0,679.0,0.0,7.0,1.0,5157.0,54.3,20.0,w,0.0,0.0,17396.63,17396.63,13833.12,3402.05,161.46,0.0,0.0,Nov-2018,565.09,Mar-2019,629.0,625.0,0.0,1.0,Individual,0.0,1830.0,39781.0,9500.0,2.0,5683.0,3684.0,21.6,0.0,0.0,256.0,360.0,1.0,1.0,0.0,1.0,14.0,1.0,3.0,5.0,3.0,3.0,12.0,5.0,7.0,5.0,7.0,0.0,0.0,0.0,2.0,80.0,0.0,0.0,1.0,80999.0,39781.0,4700.0,71499.0,N,Cash,N,1
inicio,31,68341789,24250.0,24250.0,24250.0, 60 months,24.24,701.01,F,F3,hvac technician,4 years,MORTGAGE,75000.0,Not Verified,Dec-2015,Charged Off,n,https://lendingclub.com/browse/loanDetail.action?loan_id=68341789,debt_consolidation,,114xx,NY,20.84,0.0,Apr-2007,660.0,664.0,0.0,18.0,0.0,24799.0,65.3,21.0,w,0.0,0.0,4124.42,4124.42,1332.69,2791.73,0.0,0.0,0.0,Jul-2016,701.01,Mar-2018,499.0,0.0,0.0,1.0,Individual,0.0,0.0,320098.0,38000.0,13.0,17783.0,9044.0,68.9,0.0,0.0,93.0,104.0,2.0,2.0,2.0,2.0,7.0,0.0,10.0,12.0,11.0,12.0,2.0,15.0,16.0,12.0,18.0,0.0,0.0,0.0,3.0,100.0,63.6,0.0,0.0,344960.0,38475.0,29100.0,18300.0,N,Cash,N,1
inicio,32,68533595,12000.0,12000.0,12000.0, 36 months,10.78,391.62,B,B4,Public Affairs Specialist ,1 year,RENT,98000.0,Not Verified,Dec-2015,Fully Paid,n,https://lendingclub.com/browse/loanDetail.action?loan_id=68533595,debt_consolidation,Debt consolidation,993xx,WA,24.04,0.0,Feb-2002,690.0,694.0,0.0,15.0,1.0,20462.0,62.8,39.0,w,0.0,0.0,13349.6655894541,13349.67,12000.0,1349.67,0.0,0.0,0.0,Apr-2017,7884.96,Jun-2017,754.0,750.0,0.0,1.0,Individual,0.0,5930.0,374585.0,32600.0,5.0,26756.0,3884.0,83.9,0.0,0.0,147.0,166.0,9.0,9.0,8.0,9.0,15.0,4.0,3.0,5.0,3.0,6.0,17.0,8.0,14.0,5.0,15.0,0.0,0.0,0.0,2.0,87.2,66.7,0.0,0.0,478544.0,103281.0,24100.0,120544.0,N,Cash,N,0
inicio,33,68415473,25000.0,25000.0,25000.0, 60 months,13.99,581.58,C,C4,Executive Assistant,9 years,MORTGAGE,79000.0,Not Verified,Dec-2015,Charged Off,n,https://lendingclub.com/browse/loanDetail.action?loan_id=68415473,debt_consolidation,Debt consolidation,212xx,MD,34.53,0.0,Jun-2001,730.0,734.0,1.0,33.0,0.0,22519.0,18.6,72.0,w,0.0,0.0,14490.92,14490.92,8364.55,6126.37,0.0,0.0,0.0,Feb-2018,581.58,Mar-2019,604.0,600.0,0.0,1.0,Individual,0.0,171.0,265233.0,121200.0,12.0,8556.0,57049.0,21.4,0.0,0.0,124.0,174.0,1.0,1.0,6.0,2.0,2.0,0.0,6.0,16.0,12.0,21.0,15.0,29.0,51.0,16.0,33.0,0.0,0.0,0.0,6.0,100.0,0.0,0.0,0.0,389002.0,89978.0,72600.0,81802.0,N,Cash,N,1
inicio,35,68446769,7000.0,7000.0,7000.0, 36 months,7.49,217.72,A,A4,Carrier,10+ years,MORTGAGE,59000.0,Not Verified,Dec-2015,Fully Paid,n,https://lendingclub.com/browse/loanDetail.action?loan_id=68446769,credit_card,Credit card refinancing,215xx,MD,13.06,1.0,Oct-1996,730.0,734.0,1.0,10.0,0.0,10467.0,24.2,34.0,w,0.0,0.0,7806.099471192901,7806.1,7000.0,806.1,0.0,0.0,0.0,Oct-2018,425.19,Mar-2019,769.0,765.0,0.0,1.0,Individual,0.0,0.0,55222.0,43200.0,2.0,6136.0,26118.0,26.0,0.0,0.0,124.0,223.0,10.0,10.0,3.0,34.0,1.0,0.0,2.0,4.0,4.0,5.0,14.0,8.0,17.0,4.0,10.0,0.0,0.0,0.0,1.0,97.1,0.0,0.0,0.0,115502.0,15804.0,35300.0,20402.0,N,Cash,N,0
inicio,36,68367011,21000.0,21000.0,21000.0, 60 months,13.99,488.53,C,C4,Resident physician,< 1 year,RENT,52000.0,Source Verified,Dec-2015,Fully Paid,n,https://lendingclub.com/browse/loanDetail.action?loan_id=68367011,credit_card,Credit card refinancing,441xx,OH,14.47,0.0,Jan-2005,680.0,684.0,1.0,5.0,0.0,20374.0,87.4,15.0,w,0.0,0.0,27285.807861269102,27285.81,21000.0,6285.81,0.0,0.0,0.0,Aug-2018,12548.3,Mar-2019,699.0,695.0,0.0,1.0,Individual,0.0,0.0,372407.0,23300.0,1.0,74481.0,2926.0,87.4,0.0,0.0,76.0,131.0,85.0,5.0,0.0,85.0,0.0,0.0,3.0,3.0,4.0,4.0,11.0,4.0,4.0,3.0,5.0,0.0,0.0,0.0,1.0,100.0,75.0,0.0,0.0,370357.0,372407.0,23300.0,347057.0,N,Cash,N,0
inicio,37,68407301,27500.0,27500.0,27500.0, 60 months,14.85,652.06,C,C5,Manager,10+ years,MORTGAGE,195000.0,Not Verified,Dec-2015,Fully Paid,n,https://lendingclub.com/browse/loanDetail.action?loan_id=68407301,other,Other,710xx,LA,6.79,0.0,Jul-2001,700.0,704.0,0.0,14.0,0.0,34974.0,50.9,19.0,w,0.0,0.0,29753.17,29753.17,27500.0,2253.17,0.0,0.0,0.0,Aug-2016,25897.53,Jul-2016,734.0,730.0,0.0,1.0,Individual,0.0,0.0,267500.0,68700.0,4.0,19107.0,23969.0,56.8,0.0,0.0,21.0,173.0,3.0,3.0,1.0,3.0,,0.0,6.0,10.0,7.0,9.0,1.0,12.0,17.0,10.0,14.0,0.0,0.0,0.0,1.0,100.0,57.1,0.0,0.0,325100.0,44977.0,55500.0,13200.0,N,Cash,N,0
inicio,38,68356614,7200.0,7200.0,7200.0, 36 months,11.48,237.36,B,B5,Legal Administrative Assistant,10+ years,MORTGAGE,72500.0,Verified,Dec-2015,Fully Paid,n,https://lendingclub.com/browse/loanDetail.action?loan_id=68356614,home_improvement,Home improvement,300xx,GA,8.47,0.0,Aug-2004,725.0,729.0,1.0,5.0,0.0,5449.0,35.2,7.0,w,0.0,0.0,8253.8619255616,8253.86,7200.0,1053.86,0.0,0.0,0.0,Sep-2017,3755.5,Feb-2019,739.0,735.0,0.0,1.0,Individual,0.0,0.0,147791.0,15500.0,4.0,29558.0,10051.0,35.2,0.0,0.0,111.0,7.0,2.0,2.0,2.0,2.0,0.0,0.0,3.0,3.0,3.0,3.0,2.0,3.0,3.0,3.0,5.0,0.0,0.0,0.0,3.0,100.0,0.0,0.0,0.0,189950.0,20256.0,15500.0,22450.0,N,Cash,N,0
inicio,39,68426865,20000.0,20000.0,20000.0, 36 months,14.85,691.84,C,C5,GM,6 years,RENT,110000.0,Not Verified,Dec-2015,Fully Paid,n,https://lendingclub.com/browse/loanDetail.action?loan_id=68426865,credit_card,Credit card refinancing,606xx,IL,12.45,0.0,Jun-2007,690.0,694.0,0.0,8.0,0.0,21374.0,84.5,12.0,w,0.0,0.0,24889.013358121,24889.01,20000.0,4889.01,0.0,0.0,0.0,Dec-2018,1407.7,Dec-2018,694.0,690.0,0.0,1.0,Individual,0.0,0.0,37491.0,25300.0,3.0,5356.0,523.0,97.6,0.0,0.0,10.0,102.0,16.0,10.0,0.0,16.0,9.0,0.0,3.0,4.0,3.0,5.0,1.0,6.0,10.0,4.0,8.0,0.0,0.0,0.0,1.0,100.0,100.0,0.0,0.0,45509.0,37491.0,21500.0,20000.0,N,Cash,N,0
inicio,40,68476676,20000.0,20000.0,20000.0, 36 months,15.77,700.88,D,D1,Clinical Intake,5 years,RENT,70000.0,Not Verified,Dec-2015,Fully Paid,n,https://lendingclub.com/browse/loanDetail.action?loan_id=68476676,house,Home buying,331xx,FL,22.21,0.0,Jul-2004,680.0,684.0,0.0,24.0,0.0,19077.0,36.6,63.0,w,0.0,0.0,21780.5867830477,21780.59,20000.0,1780.59,0.0,0.0,0.0,Dec-2016,2815.6,Mar-2019,659.0,655.0,0.0,1.0,Individual,0.0,264.0,63456.0,52100.0,9.0,2759.0,12279.0,48.0,0.0,0.0,131.0,137.0,2.0,2.0,1.0,2.0,9.0,5.0,8.0,17.0,9.0,9.0,39.0,21.0,23.0,17.0,24.0,0.0,0.0,0.0,6.0,92.1,0.0,0.0,0.0,104696.0,63456.0,23600.0,52596.0,N,Cash,N,0
inicio,41,68566951,10000.0,10000.0,10000.0, 60 months,17.97,253.78,D,D4,Educator ,2 years,MORTGAGE,55000.0,Not Verified,Dec-2015,Charged Off,n,https://lendingclub.com/browse/loanDetail.action?loan_id=68566951,credit_card,Credit card refinancing,802xx,CO,35.7,0.0,Apr-2001,685.0,689.0,0.0,14.0,0.0,38623.0,78.0,28.0,w,0.0,0.0,5558.2,5558.2,2687.15,2871.05,0.0,0.0,0.0,Nov-2017,253.78,Feb-2018,524.0,520.0,0.0,1.0,Individual,0.0,0.0,288087.0,49500.0,4.0,20578.0,287.0,97.4,0.0,0.0,106.0,176.0,7.0,6.0,6.0,51.0,6.0,0.0,3.0,9.0,3.0,4.0,6.0,11.0,16.0,9.0,14.0,0.0,0.0,0.0,4.0,100.0,100.0,0.0,0.0,302401.0,71518.0,11000.0,34953.0,N,Cash,N,1
inicio,43,68527009,20000.0,20000.0,20000.0, 36 months,9.8,643.47,B,B3,Manager,5 years,RENT,75000.0,Not Verified,Dec-2015,Fully Paid,n,https://lendingclub.com/browse/loanDetail.action?loan_id=68527009,debt_consolidation,Debt consolidation,984xx,WA,23.45,0.0,May-1992,725.0,729.0,0.0,14.0,0.0,7558.0,9.6,26.0,w,0.0,0.0,21918.8165025628,21918.82,20000.0,1918.82,0.0,0.0,0.0,Mar-2017,13580.93,Mar-2019,799.0,795.0,0.0,1.0,Individual,0.0,0.0,40090.0,78900.0,8.0,2864.0,48533.0,5.9,0.0,0.0,159.0,283.0,4.0,4.0,1.0,4.0,19.0,2.0,5.0,10.0,7.0,8.0,11.0,12.0,13.0,10.0,14.0,0.0,0.0,0.0,5.0,92.3,0.0,0.0,0.0,117477.0,40090.0,51600.0,38577.0,N,Cash,N,0
inicio,44,68547583,8650.0,8650.0,8650.0, 36 months,5.32,260.5,A,A1,Associate Consultant,< 1 year,MORTGAGE,100000.0,Not Verified,Dec-2015,Fully Paid,n,https://lendingclub.com/browse/loanDetail.action?loan_id=68547583,credit_card,Credit card refinancing,462xx,IN,7.28,0.0,Jul-2001,750.0,754.0,0.0,15.0,0.0,7158.0,26.7,24.0,w,0.0,0.0,9263.8493330869,9263.85,8650.0,613.85,0.0,0.0,0.0,Dec-2017,2.08,Nov-2018,774.0,770.0,0.0,1.0,Individual,0.0,0.0,165450.0,26800.0,5.0,13788.0,11142.0,39.1,0.0,0.0,73.0,173.0,16.0,11.0,1.0,20.0,11.0,0.0,3.0,3.0,9.0,10.0,5.0,13.0,18.0,3.0,15.0,0.0,0.0,0.0,1.0,100.0,0.0,0.0,0.0,191618.0,31199.0,18300.0,27078.0,N,Cash,N,0
inicio,45,68587709,21000.0,21000.0,21000.0, 60 months,13.44,482.56,C,C3,Teacher,2 years,RENT,54649.0,Source Verified,Dec-2015,Fully Paid,n,https://lendingclub.com/browse/loanDetail.action?loan_id=68587709,debt_consolidation,Debt consolidation,761xx,TX,12.14,0.0,Oct-1999,670.0,674.0,0.0,9.0,1.0,1581.0,26.8,44.0,w,0.0,0.0,24473.2276218388,24473.23,21000.0,3473.23,0.0,0.0,0.0,May-2017,17274.03,Mar-2019,719.0,715.0,0.0,1.0,Individual,0.0,0.0,51489.0,5900.0,3.0,5721.0,4319.0,26.8,0.0,0.0,186.0,194.0,17.0,14.0,2.0,17.0,0.0,0.0,2.0,2.0,2.0,14.0,25.0,2.0,17.0,2.0,9.0,0.0,0.0,0.0,0.0,100.0,50.0,1.0,0.0,57564.0,51489.0,5900.0,51664.0,N,Cash,N,0
inicio,46,68446771,7200.0,7200.0,7200.0, 36 months,15.77,252.32,D,D1,Bank Officer Senior Customer Care Spec.,< 1 year,RENT,55000.0,Not Verified,Dec-2015,Fully Paid,n,https://lendingclub.com/browse/loanDetail.action?loan_id=68446771,debt_consolidation,,142xx,NY,17.35,0.0,Jun-2005,680.0,684.0,0.0,24.0,1.0,5938.0,69.0,43.0,w,0.0,0.0,8894.319824248001,8894.32,7200.0,1694.32,0.0,0.0,0.0,Mar-2018,2602.09,Feb-2018,689.0,685.0,0.0,1.0,Individual,0.0,0.0,275831.0,8600.0,12.0,11493.0,1521.0,77.3,0.0,0.0,111.0,126.0,15.0,5.0,0.0,15.0,5.0,0.0,2.0,3.0,4.0,5.0,35.0,6.0,8.0,3.0,24.0,0.0,0.0,0.0,3.0,97.7,50.0,0.0,1.0,255047.0,275831.0,6700.0,246447.0,N,Cash,N,0
inicio,47,66796130,8800.0,8800.0,8800.0, 36 months,9.8,283.13,B,B3,Sales Representative/ Agent,10+ years,MORTGAGE,92000.0,Source Verified,Dec-2015,Fully Paid,n,https://lendingclub.com/browse/loanDetail.action?loan_id=66796130,credit_card,Credit card refinancing,493xx,MI,5.18,0.0,Nov-2001,665.0,669.0,1.0,9.0,0.0,9195.0,76.6,24.0,w,0.0,0.0,9852.877877179,9852.88,8800.0,1052.88,0.0,0.0,0.0,Aug-2017,4768.52,Aug-2017,709.0,705.0,0.0,1.0,Individual,0.0,0.0,105650.0,12000.0,8.0,11739.0,445.0,94.8,0.0,0.0,102.0,169.0,6.0,6.0,2.0,9.0,6.0,0.0,3.0,5.0,3.0,11.0,6.0,6.0,15.0,5.0,9.0,0.0,0.0,0.0,2.0,87.5,100.0,0.0,0.0,116292.0,10116.0,8500.0,6000.0,N,Cash,N,0
inicio,49,68387134,2500.0,2500.0,2500.0, 36 months,17.27,89.47,D,D3,Teacher,10+ years,MORTGAGE,50000.0,Verified,Dec-2015,Fully Paid,n,https://lendingclub.com/browse/loanDetail.action?loan_id=68387134,other,Other,330xx,FL,17.6,3.0,Jan-2001,670.0,674.0,4.0,7.0,0.0,732.0,31.1,22.0,w,0.0,0.0,3213.2994112426,3213.3,2500.0,713.3,0.0,0.0,0.0,Nov-2018,266.79,Feb-2019,669.0,665.0,0.0,1.0,Individual,0.0,0.0,197169.0,2500.0,6.0,28167.0,652.0,6.9,0.0,0.0,149.0,179.0,3.0,2.0,0.0,3.0,0.0,3.0,1.0,4.0,1.0,1.0,14.0,4.0,8.0,4.0,7.0,0.0,0.0,1.0,3.0,68.4,0.0,0.0,0.0,196429.0,197169.0,700.0,193929.0,N,Cash,N,0
inicio,50,68566925,11000.0,11000.0,11000.0, 36 months,9.17,350.67,B,B2,PRINTER,10+ years,MORTGAGE,69000.0,Not Verified,Dec-2015,Fully Paid,n,https://lendingclub.com/browse/loanDetail.action?loan_id=68566925,credit_card,Credit card refinancing,441xx,OH,21.34,0.0,Sep-2004,680.0,684.0,1.0,9.0,0.0,8137.0,84.8,18.0,w,0.0,0.0,12610.028752448,12610.03,11000.0,1610.03,0.0,0.0,0.0,Jan-2019,350.59,Dec-2018,704.0,700.0,0.0,1.0,Individual,0.0,0.0,205780.0,9600.0,5.0,22864.0,463.0,94.6,0.0,0.0,127.0,135.0,13.0,13.0,2.0,13.0,1.0,0.0,4.0,4.0,4.0,5.0,8.0,5.0,8.0,4.0,9.0,0.0,0.0,0.0,0.0,94.4,75.0,0.0,0.0,231864.0,33929.0,8600.0,41107.0,N,Cash,N,0
inicio,54,68543413,10000.0,10000.0,10000.0, 36 months,12.88,336.37,C,C2,Contract Specialist,4 years,MORTGAGE,91392.0,Not Verified,Dec-2015,Fully Paid,n,https://lendingclub.com/browse/loanDetail.action?loan_id=68543413,house,Home buying,644xx,MO,9.44,0.0,Sep-2006,710.0,714.0,0.0,13.0,0.0,6959.0,41.7,33.0,f,0.0,0.0,11316.8901896649,11316.89,10000.0,1316.89,0.0,0.0,0.0,Mar-2017,6961.97,Dec-2018,594.0,590.0,0.0,1.0,Individual,0.0,0.0,304514.0,16700.0,7.0,23424.0,433.0,90.2,0.0,0.0,104.0,111.0,9.0,6.0,3.0,9.0,8.0,0.0,3.0,5.0,3.0,6.0,19.0,7.0,11.0,5.0,13.0,0.0,0.0,0.0,3.0,100.0,100.0,0.0,0.0,321380.0,73732.0,4400.0,68648.0,N,Cash,N,0
inicio,56,68416916,28000.0,28000.0,28000.0, 60 months,18.49,718.51,D,D5,Engineer,10+ years,MORTGAGE,75000.0,Verified,Dec-2015,Fully Paid,n,https://lendingclub.com/browse/loanDetail.action?loan_id=68416916,debt_consolidation,Debt consolidation,471xx,IN,31.88,0.0,Oct-2002,685.0,689.0,0.0,27.0,0.0,43413.0,51.9,46.0,w,0.0,0.0,39607.4518757083,39607.45,28000.0,11607.45,0.0,0.0,0.0,Oct-2018,16687.04,Mar-2019,694.0,690.0,0.0,1.0,Individual,0.0,0.0,193745.0,83600.0,8.0,7176.0,23476.0,59.9,0.0,0.0,143.0,158.0,4.0,4.0,2.0,10.0,16.0,0.0,14.0,20.0,14.0,18.0,9.0,24.0,34.0,20.0,27.0,0.0,0.0,0.0,2.0,100.0,50.0,0.0,0.0,267312.0,57302.0,58500.0,31758.0,N,Cash,N,0
inicio,57,68444620,35000.0,35000.0,35000.0, 60 months,11.99,778.38,C,C1,Foreign Service Officer,10+ years,MORTGAGE,128000.0,Source Verified,Dec-2015,Fully Paid,n,https://lendingclub.com/browse/loanDetail.action?loan_id=68444620,home_improvement,Home improvement,200xx,DC,6.46,0.0,Feb-1990,685.0,689.0,0.0,17.0,0.0,14277.0,27.4,46.0,w,0.0,0.0,44358.9106977021,44358.91,35000.0,9358.91,0.0,0.0,0.0,Dec-2018,17952.27,Mar-2019,724.0,720.0,0.0,1.0,Individual,0.0,321.0,146867.0,52200.0,3.0,8639.0,17248.0,35.6,0.0,0.0,206.0,310.0,19.0,3.0,5.0,99.0,15.0,1.0,3.0,4.0,3.0,6.0,26.0,5.0,11.0,4.0,17.0,0.0,0.0,0.0,1.0,91.3,33.3,0.0,0.0,220950.0,49644.0,26800.0,71700.0,N,Cash,N,0
inicio,58,68082535,7200.0,7200.0,7200.0, 36 months,9.17,229.53,B,B2,Site lead,10+ years,MORTGAGE,50000.0,Not Verified,Dec-2015,Fully Paid,n,https://lendingclub.com/browse/loanDetail.action?loan_id=68082535,debt_consolidation,Debt consolidation,015xx,MA,19.25,0.0,Aug-1987,675.0,679.0,0.0,13.0,0.0,9051.0,47.6,25.0,w,0.0,0.0,7598.05,7598.05,7200.0,398.05,0.0,0.0,0.0,Aug-2016,6206.89,Mar-2019,634.0,630.0,0.0,1.0,Individual,0.0,0.0,218695.0,19000.0,8.0,19881.0,9949.0,47.6,0.0,0.0,120.0,137.0,11.0,9.0,3.0,11.0,10.0,0.0,6.0,6.0,8.0,13.0,7.0,9.0,14.0,6.0,13.0,0.0,0.0,0.0,3.0,96.0,37.5,0.0,0.0,236795.0,27327.0,19000.0,24744.0,N,Cash,N,0
inicio,59,68466995,10000.0,10000.0,10000.0, 36 months,7.91,312.95,A,A5,Teacher,2 years,RENT,40100.0,Not Verified,Dec-2015,Fully Paid,n,https://lendingclub.com/browse/loanDetail.action?loan_id=68466995,credit_card,Credit card refinancing,453xx,OH,10.81,0.0,Oct-1998,680.0,684.0,1.0,4.0,0.0,6664.0,45.0,7.0,w,0.0,0.0,11255.154658058998,11255.15,10000.0,1255.15,0.0,0.0,0.0,Jan-2019,312.89,Mar-2019,699.0,695.0,0.0,1.0,Individual,0.0,1036.0,27354.0,14800.0,2.0,6839.0,6420.0,50.6,0.0,0.0,124.0,206.0,1.0,1.0,0.0,24.0,1.0,0.0,2.0,3.0,2.0,2.0,3.0,3.0,4.0,3.0,4.0,0.0,0.0,0.0,1.0,100.0,0.0,0.0,0.0,35247.0,27354.0,13000.0,20447.0,N,Cash,N,0
inicio,60,68584507,16000.0,16000.0,16000.0, 60 months,13.44,367.67,C,C3,Merchandise Manager,1 year,RENT,42000.0,Not Verified,Dec-2015,Charged Off,n,https://lendingclub.com/browse/loanDetail.action?loan_id=68584507,credit_card,Credit card refinancing,019xx,MA,9.6,0.0,Apr-2002,670.0,674.0,0.0,29.0,0.0,11834.0,44.8,48.0,w,0.0,0.0,4382.17,4382.17,2406.29,1975.88,0.0,0.0,0.0,Jan-2017,367.67,May-2017,499.0,0.0,0.0,1.0,Individual,0.0,0.0,83690.0,26400.0,1.0,2886.0,14203.0,40.6,0.0,0.0,164.0,120.0,16.0,16.0,0.0,16.0,,0.0,7.0,8.0,13.0,20.0,25.0,14.0,23.0,8.0,29.0,0.0,0.0,0.0,0.0,97.9,30.8,0.0,0.0,87509.0,83690.0,23900.0,61109.0,N,Cash,N,1
inicio,61,68466924,21875.0,21875.0,21875.0, 36 months,11.99,726.46,C,C1,Wire Technician,< 1 year,RENT,47590.0,Source Verified,Dec-2015,Fully Paid,n,https://lendingclub.com/browse/loanDetail.action?loan_id=68466924,credit_card,Credit card refinancing,347xx,FL,17.76,0.0,Apr-2001,700.0,704.0,0.0,9.0,0.0,24882.0,57.1,14.0,w,0.0,0.0,25851.272805365097,25851.27,21875.0,3976.27,0.0,0.0,0.0,Mar-2018,7662.31,Aug-2018,774.0,770.0,0.0,1.0,Individual,0.0,0.0,40976.0,43600.0,2.0,5122.0,10318.0,70.7,0.0,0.0,140.0,176.0,6.0,6.0,0.0,6.0,,0.0,5.0,5.0,5.0,5.0,3.0,8.0,11.0,5.0,9.0,0.0,0.0,0.0,1.0,100.0,60.0,0.0,0.0,76326.0,40976.0,35200.0,32726.0,N,Cash,N,0
inicio,62,68367009,14025.0,14025.0,14025.0, 60 months,18.49,359.9,D,D5,accts payable,10+ years,MORTGAGE,39000.0,Verified,Dec-2015,Fully Paid,n,https://lendingclub.com/browse/loanDetail.action?loan_id=68367009,debt_consolidation,Debt consolidation,546xx,WI,18.0,0.0,Aug-2001,675.0,679.0,1.0,12.0,0.0,15646.0,74.9,21.0,w,0.0,0.0,16341.3907923605,16341.39,14025.0,2316.39,0.0,0.0,0.0,Dec-2016,12764.01,Feb-2019,694.0,690.0,0.0,1.0,Individual,0.0,0.0,60381.0,20900.0,5.0,5032.0,578.0,93.4,0.0,0.0,138.0,172.0,2.0,2.0,3.0,2.0,2.0,0.0,3.0,11.0,3.0,3.0,4.0,11.0,13.0,11.0,12.0,0.0,0.0,0.0,2.0,100.0,66.7,0.0,0.0,72286.0,15646.0,8800.0,0.0,N,Cash,N,0
inicio,63,68475450,35000.0,35000.0,35000.0, 60 months,12.88,794.21,C,C2,Lieutenant ,7 years,MORTGAGE,106000.0,Source Verified,Dec-2015,Charged Off,n,https://lendingclub.com/browse/loanDetail.action?loan_id=68475450,debt_consolidation,Debt consolidation,351xx,AL,17.36,0.0,Apr-2002,730.0,734.0,0.0,8.0,0.0,39055.0,72.1,27.0,w,0.0,0.0,22968.61,22968.61,10323.88,7086.13,0.0,5558.6,1000.548,Nov-2017,794.21,Mar-2019,504.0,500.0,0.0,1.0,Individual,0.0,0.0,299890.0,54200.0,0.0,37486.0,12875.0,67.2,0.0,0.0,135.0,164.0,38.0,35.0,4.0,38.0,,0.0,3.0,4.0,3.0,6.0,13.0,4.0,10.0,4.0,8.0,0.0,0.0,0.0,0.0,100.0,0.0,0.0,0.0,366974.0,55067.0,39200.0,36981.0,N,Cash,N,1
inicio,64,68525943,20000.0,20000.0,20000.0, 36 months,12.88,672.73,C,C2,President,10+ years,MORTGAGE,145000.0,Not Verified,Dec-2015,Fully Paid,n,https://lendingclub.com/browse/loanDetail.action?loan_id=68525943,debt_consolidation,Debt consolidation,029xx,RI,12.28,0.0,Feb-2004,695.0,699.0,0.0,12.0,0.0,22551.0,80.2,21.0,w,0.0,0.0,24273.8783944989,24273.88,20000.0,4206.6,67.28,0.0,0.0,Mar-2019,764.11,Mar-2019,609.0,605.0,0.0,1.0,Individual,0.0,0.0,429218.0,28500.0,5.0,39020.0,2822.0,81.6,0.0,0.0,79.0,142.0,4.0,2.0,5.0,27.0,1.0,0.0,4.0,6.0,5.0,8.0,5.0,7.0,11.0,6.0,12.0,0.0,0.0,0.0,3.0,100.0,75.0,0.0,0.0,472759.0,32486.0,13500.0,23259.0,N,Cash,N,0
inicio,65,68340446,14000.0,14000.0,14000.0, 60 months,14.85,331.96,C,C5,Accountant,2 years,MORTGAGE,60000.0,Not Verified,Dec-2015,Charged Off,n,https://lendingclub.com/browse/loanDetail.action?loan_id=68340446,debt_consolidation,,852xx,AZ,24.29,0.0,Aug-2009,690.0,694.0,0.0,11.0,0.0,12718.0,73.9,24.0,w,0.0,0.0,7458.9,7458.9,3175.67,2770.73,16.6,1495.9,269.262,Jul-2017,331.96,Dec-2017,514.0,510.0,0.0,1.0,Individual,0.0,0.0,70789.0,17200.0,3.0,6435.0,2382.0,84.2,0.0,0.0,76.0,71.0,23.0,10.0,0.0,23.0,0.0,0.0,7.0,7.0,8.0,8.0,13.0,9.0,11.0,8.0,11.0,0.0,0.0,0.0,1.0,100.0,87.5,0.0,0.0,83083.0,70789.0,15100.0,65883.0,N,Cash,N,1
inicio,68,68506862,20000.0,20000.0,20000.0, 60 months,13.99,465.27,C,C4,Facilities Coordinator,10+ years,OWN,70000.0,Source Verified,Dec-2015,Charged Off,n,https://lendingclub.com/browse/loanDetail.action?loan_id=68506862,debt_consolidation,Debt consolidation,210xx,MD,16.9,0.0,Jun-2001,680.0,684.0,0.0,20.0,0.0,31200.0,42.0,35.0,w,0.0,0.0,15473.02,15473.02,2965.17,2592.85,0.0,9915.0,1784.7,Jan-2017,465.27,Aug-2018,624.0,620.0,0.0,1.0,Individual,0.0,0.0,34856.0,74200.0,3.0,1835.0,18527.0,44.0,0.0,0.0,46.0,174.0,5.0,5.0,0.0,6.0,13.0,1.0,6.0,11.0,9.0,19.0,2.0,19.0,32.0,11.0,20.0,0.0,0.0,0.0,2.0,94.3,44.4,0.0,0.0,84200.0,34856.0,33100.0,10000.0,N,Cash,Y,1
inicio,70,68487261,4200.0,4200.0,4200.0, 36 months,13.44,142.41,C,C3,Manager,10+ years,MORTGAGE,102500.0,Not Verified,Dec-2015,Fully Paid,n,https://lendingclub.com/browse/loanDetail.action?loan_id=68487261,debt_consolidation,Debt consolidation,134xx,NY,26.21,0.0,Jan-1999,700.0,704.0,0.0,14.0,0.0,11947.0,88.5,37.0,w,0.0,0.0,5118.759264685999,5118.76,4200.0,918.76,0.0,0.0,0.0,Jan-2019,142.25,Mar-2019,719.0,715.0,0.0,1.0,Individual,0.0,0.0,197024.0,13500.0,8.0,14073.0,983.0,89.1,0.0,0.0,138.0,203.0,13.0,3.0,7.0,23.0,7.0,0.0,2.0,6.0,2.0,7.0,14.0,6.0,16.0,6.0,14.0,0.0,0.0,0.0,3.0,100.0,100.0,0.0,0.0,264272.0,44393.0,9000.0,60487.0,N,Cash,N,0
inicio,71,68597047,19000.0,19000.0,19000.0, 60 months,14.85,450.52,C,C5,Application Analyst,9 years,OWN,75000.0,Not Verified,Dec-2015,Fully Paid,n,https://lendingclub.com/browse/loanDetail.action?loan_id=68597047,credit_card,Credit card refinancing,112xx,NY,13.09,0.0,Jun-2000,665.0,669.0,2.0,15.0,0.0,17771.0,63.7,34.0,w,0.0,0.0,21165.0373511115,21165.04,19000.0,2165.04,0.0,0.0,0.0,Feb-2017,10797.99,Feb-2018,779.0,775.0,0.0,1.0,Individual,0.0,0.0,72043.0,27900.0,9.0,5146.0,884.0,88.2,1.0,0.0,151.0,186.0,1.0,1.0,3.0,3.0,1.0,1.0,4.0,10.0,4.0,6.0,13.0,12.0,18.0,10.0,15.0,0.0,0.0,0.0,4.0,94.1,100.0,0.0,0.0,94620.0,48159.0,7500.0,36720.0,N,Cash,N,0
inicio,72,68366999,15850.0,15850.0,15850.0, 60 months,23.13,448.01,F,F2,Lead manufacturing ,10+ years,OWN,45000.0,Not Verified,Dec-2015,Fully Paid,n,https://lendingclub.com/browse/loanDetail.action?loan_id=68366999,debt_consolidation,Debt consolidation,440xx,OH,34.85,0.0,Jan-2007,755.0,759.0,1.0,18.0,0.0,8799.0,21.3,24.0,f,0.0,0.0,21481.2609462612,21481.26,15850.0,5631.26,0.0,0.0,0.0,Sep-2017,13019.99,Feb-2018,744.0,740.0,0.0,1.0,Individual,0.0,25.0,45025.0,41300.0,5.0,2649.0,12808.0,35.6,0.0,0.0,90.0,107.0,2.0,2.0,0.0,10.0,5.0,0.0,2.0,4.0,4.0,4.0,7.0,16.0,17.0,4.0,18.0,0.0,0.0,0.0,4.0,100.0,0.0,0.0,0.0,84300.0,45025.0,19900.0,43000.0,N,Cash,N,0
inicio,74,68394562,30000.0,30000.0,30000.0, 36 months,15.77,1051.31,D,D1,Vice-President,2 years,MORTGAGE,175000.0,Not Verified,Dec-2015,Fully Paid,n,https://lendingclub.com/browse/loanDetail.action?loan_id=68394562,home_improvement,Home improvement,430xx,OH,18.5,0.0,Aug-1997,725.0,729.0,1.0,9.0,0.0,21831.0,50.3,23.0,w,0.0,0.0,33903.7657387675,33903.77,30000.0,3903.77,0.0,0.0,0.0,Dec-2016,23456.38,Sep-2017,734.0,730.0,0.0,1.0,Individual,0.0,0.0,408118.0,43400.0,7.0,51015.0,21569.0,50.3,0.0,0.0,118.0,220.0,16.0,6.0,3.0,16.0,0.0,0.0,2.0,2.0,3.0,7.0,9.0,4.0,11.0,2.0,9.0,0.0,0.0,0.0,3.0,95.7,33.3,0.0,0.0,447599.0,152571.0,43400.0,146568.0,N,Cash,N,0
inicio,75,68416953,1500.0,1500.0,1500.0, 36 months,6.49,45.97,A,A2,,,MORTGAGE,45000.0,Not Verified,Dec-2015,Fully Paid,n,https://lendingclub.com/browse/loanDetail.action?loan_id=68416953,vacation,Vacation,967xx,HI,16.11,0.0,Dec-1987,745.0,749.0,0.0,12.0,0.0,3717.0,21.2,37.0,w,0.0,0.0,1598.9833648167998,1598.98,1500.0,98.98,0.0,0.0,0.0,Apr-2017,956.75,Mar-2019,739.0,735.0,0.0,1.0,Individual,0.0,0.0,158643.0,17500.0,8.0,15864.0,8818.0,27.7,0.0,0.0,123.0,336.0,6.0,3.0,4.0,6.0,12.0,0.0,1.0,3.0,4.0,15.0,8.0,9.0,25.0,3.0,12.0,0.0,0.0,0.0,4.0,97.2,0.0,0.0,0.0,179105.0,18400.0,12200.0,18050.0,N,Cash,N,0
inicio,76,68587652,25000.0,25000.0,25000.0, 36 months,5.32,752.87,A,A1,Director,1 year,MORTGAGE,150000.0,Not Verified,Dec-2015,Fully Paid,n,https://lendingclub.com/browse/loanDetail.action?loan_id=68587652,credit_card,Credit card refinancing,054xx,VT,9.54,0.0,Feb-1996,795.0,799.0,0.0,7.0,0.0,19339.0,42.5,18.0,w,0.0,0.0,27033.110864247403,27033.11,25000.0,2033.11,0.0,0.0,0.0,Dec-2018,752.86,Dec-2018,784.0,780.0,0.0,1.0,Individual,0.0,0.0,430856.0,45500.0,1.0,61551.0,24661.0,44.0,0.0,0.0,166.0,238.0,4.0,4.0,7.0,73.0,,0.0,1.0,1.0,3.0,3.0,4.0,4.0,7.0,1.0,7.0,0.0,0.0,0.0,1.0,100.0,0.0,0.0,0.0,512381.0,44786.0,44000.0,51081.0,N,Cash,N,0
inicio,78,68466066,20200.0,20200.0,20200.0, 60 months,18.49,518.35,D,D5,Manager,4 years,RENT,60000.0,Source Verified,Dec-2015,Charged Off,n,https://lendingclub.com/browse/loanDetail.action?loan_id=68466066,debt_consolidation,Debt consolidation,958xx,CA,34.84,0.0,Jun-2004,720.0,724.0,0.0,10.0,1.0,8284.0,40.6,16.0,w,0.0,0.0,9278.43,9278.43,4258.61,5019.82,0.0,0.0,0.0,Jul-2017,518.35,Nov-2017,564.0,560.0,0.0,1.0,Individual,0.0,0.0,43224.0,20400.0,6.0,4322.0,9516.0,46.5,0.0,0.0,138.0,74.0,7.0,7.0,0.0,16.0,9.0,0.0,1.0,1.0,4.0,6.0,7.0,6.0,9.0,1.0,10.0,0.0,0.0,0.0,4.0,100.0,25.0,1.0,0.0,84627.0,43224.0,17800.0,64227.0,N,Cash,N,1
inicio,79,68436934,23975.0,23975.0,23975.0, 60 months,19.89,633.73,E,E3,Principal,10+ years,RENT,70000.0,Not Verified,Dec-2015,Charged Off,n,https://lendingclub.com/browse/loanDetail.action?loan_id=68436934,credit_card,Credit card refinancing,220xx,VA,33.2,0.0,Jun-1995,685.0,689.0,1.0,10.0,0.0,44807.0,94.9,19.0,w,0.0,0.0,3928.86,3928.86,1478.13,2450.73,0.0,0.0,0.0,Jul-2016,633.73,Feb-2017,519.0,515.0,0.0,1.0,Individual,0.0,0.0,57655.0,47200.0,2.0,6406.0,1249.0,97.2,0.0,0.0,24.0,240.0,4.0,4.0,3.0,52.0,4.0,0.0,5.0,7.0,6.0,7.0,1.0,8.0,14.0,7.0,10.0,0.0,0.0,0.0,1.0,100.0,100.0,0.0,0.0,74779.0,57655.0,44400.0,20800.0,N,Cash,N,1
inicio,80,68617057,15000.0,15000.0,15000.0, 60 months,10.78,324.5,B,B4,Senior Buyer,10+ years,MORTGAGE,65000.0,Not Verified,Dec-2015,Fully Paid,n,https://lendingclub.com/browse/loanDetail.action?loan_id=68617057,debt_consolidation,Debt consolidation,350xx,AL,29.28,0.0,Aug-2001,720.0,724.0,0.0,18.0,0.0,24723.0,69.8,32.0,w,0.0,0.0,18520.2766026076,18520.28,15000.0,3520.28,0.0,0.0,0.0,Feb-2019,2536.24,Mar-2019,704.0,700.0,0.0,1.0,Individual,0.0,0.0,224194.0,35400.0,3.0,12455.0,4286.0,84.9,0.0,0.0,172.0,171.0,12.0,10.0,1.0,12.0,10.0,0.0,6.0,7.0,7.0,12.0,14.0,10.0,17.0,7.0,18.0,0.0,0.0,0.0,2.0,100.0,71.4,0.0,0.0,256635.0,96280.0,28400.0,83810.0,N,Cash,N,0
inicio,81,68536799,10000.0,10000.0,10000.0, 36 months,10.78,326.35,B,B4,Lpn,3 years,MORTGAGE,41600.0,Not Verified,Dec-2015,Fully Paid,n,https://lendingclub.com/browse/loanDetail.action?loan_id=68536799,debt_consolidation,Debt consolidation,472xx,IN,15.78,0.0,Oct-2004,695.0,699.0,0.0,18.0,0.0,12958.0,52.5,33.0,w,0.0,0.0,11289.9506881354,11289.95,10000.0,1289.95,0.0,0.0,0.0,Jul-2017,5756.97,Dec-2018,714.0,710.0,0.0,1.0,Individual,0.0,0.0,168304.0,24700.0,5.0,9350.0,4617.0,66.8,0.0,0.0,134.0,124.0,16.0,2.0,2.0,16.0,7.0,0.0,2.0,5.0,3.0,4.0,16.0,8.0,15.0,5.0,18.0,0.0,0.0,0.0,2.0,100.0,33.3,0.0,0.0,190694.0,40681.0,13900.0,29512.0,N,Cash,N,0
inicio,82,68357012,15000.0,15000.0,15000.0, 36 months,8.49,473.45,B,B1,Senior Associate,6 years,MORTGAGE,110000.0,Not Verified,Dec-2015,Fully Paid,n,https://lendingclub.com/browse/loanDetail.action?loan_id=68357012,credit_card,Credit card refinancing,085xx,NJ,13.24,0.0,Dec-2002,670.0,674.0,0.0,16.0,1.0,19029.0,41.4,33.0,w,0.0,0.0,15657.93,15657.93,15000.0,657.93,0.0,0.0,0.0,Jul-2016,13308.37,May-2018,734.0,730.0,0.0,1.0,Individual,0.0,0.0,327836.0,46000.0,7.0,20490.0,10457.0,62.9,0.0,0.0,142.0,150.0,7.0,7.0,4.0,18.0,11.0,0.0,5.0,8.0,5.0,10.0,3.0,13.0,24.0,8.0,16.0,0.0,0.0,0.0,4.0,100.0,20.0,1.0,0.0,369112.0,27849.0,28200.0,21124.0,N,Cash,N,0
inicio,83,68376217,23100.0,23100.0,23100.0, 60 months,20.5,618.46,E,E4,Regional Sales Direcdtor,2 years,OWN,110000.0,Not Verified,Dec-2015,Charged Off,n,https://lendingclub.com/browse/loanDetail.action?loan_id=68376217,car,Car financing,197xx,DE,20.43,0.0,Aug-1986,660.0,664.0,0.0,11.0,0.0,20594.0,94.9,24.0,w,0.0,0.0,5305.12,5305.12,1158.07,1868.46,0.0,2278.59,410.1462,Jun-2016,618.46,Dec-2016,584.0,580.0,0.0,1.0,Individual,0.0,1105.0,55048.0,21700.0,5.0,5505.0,1106.0,94.9,0.0,0.0,159.0,352.0,3.0,3.0,2.0,3.0,0.0,1.0,5.0,5.0,8.0,11.0,10.0,8.0,12.0,6.0,11.0,0.0,0.0,0.0,3.0,87.5,85.7,0.0,0.0,102524.0,55048.0,21700.0,80824.0,N,Cash,N,1
inicio,84,68526942,27300.0,27300.0,27300.0, 36 months,17.27,977.0,D,D3,groundsman,10+ years,MORTGAGE,65000.0,Not Verified,Dec-2015,Charged Off,n,https://lendingclub.com/browse/loanDetail.action?loan_id=68526942,home_improvement,Home improvement,117xx,NY,25.63,0.0,Nov-2002,660.0,664.0,0.0,14.0,0.0,31035.0,83.0,38.0,w,0.0,0.0,8727.52,8727.52,5569.98,3157.54,0.0,0.0,0.0,Oct-2016,977.0,May-2018,524.0,520.0,0.0,1.0,Individual,0.0,0.0,238105.0,37400.0,7.0,18316.0,3924.0,87.7,0.0,0.0,150.0,157.0,11.0,9.0,2.0,17.0,8.0,0.0,7.0,9.0,7.0,17.0,5.0,11.0,31.0,9.0,14.0,0.0,0.0,0.0,3.0,100.0,85.7,0.0,0.0,253900.0,60982.0,32000.0,37192.0,N,Cash,N,1
inicio,85,68396080,25000.0,25000.0,25000.0, 60 months,11.48,549.57,B,B5,Project Manager,10+ years,MORTGAGE,135000.0,Not Verified,Dec-2015,Fully Paid,n,https://lendingclub.com/browse/loanDetail.action?loan_id=68396080,credit_card,Credit card refinancing,774xx,TX,4.65,0.0,Oct-2004,705.0,709.0,0.0,16.0,0.0,7340.0,13.5,33.0,w,0.0,0.0,26482.58,26482.58,25000.0,1482.58,0.0,0.0,0.0,Jul-2016,23774.59,Jan-2019,709.0,705.0,0.0,1.0,Individual,0.0,0.0,23522.0,54400.0,9.0,1470.0,38700.0,15.5,0.0,0.0,134.0,100.0,7.0,7.0,5.0,10.0,3.0,1.0,3.0,4.0,11.0,13.0,6.0,15.0,21.0,4.0,16.0,0.0,0.0,0.0,4.0,97.0,0.0,0.0,0.0,72150.0,23522.0,45800.0,17750.0,N,Cash,N,0
inicio,86,68385794,15000.0,15000.0,15000.0, 36 months,10.78,489.52,B,B4,Coaching General Manager,1 year,RENT,40000.0,Verified,Dec-2015,Fully Paid,n,https://lendingclub.com/browse/loanDetail.action?loan_id=68385794,credit_card,Credit card refinancing,787xx,TX,10.17,0.0,Oct-2006,670.0,674.0,0.0,7.0,0.0,12272.0,75.3,9.0,w,0.0,0.0,17653.9020923722,17653.9,15000.0,2653.9,0.0,0.0,0.0,Nov-2018,1464.61,Dec-2018,724.0,720.0,0.0,1.0,Individual,0.0,0.0,12272.0,16300.0,2.0,2045.0,347.0,96.6,0.0,0.0,,110.0,3.0,3.0,0.0,3.0,21.0,0.0,4.0,6.0,4.0,4.0,0.0,7.0,9.0,6.0,7.0,0.0,0.0,0.0,2.0,100.0,100.0,0.0,0.0,16300.0,12272.0,10300.0,0.0,N,Cash,N,0
inicio,87,68374676,10000.0,10000.0,10000.0, 60 months,16.59,246.33,D,D2,Emergency Department technician ,< 1 year,RENT,30000.0,Source Verified,Dec-2015,Fully Paid,n,https://lendingclub.com/browse/loanDetail.action?loan_id=68374676,debt_consolidation,Debt consolidation,447xx,OH,30.84,0.0,Sep-2000,715.0,719.0,2.0,19.0,1.0,6118.0,26.6,36.0,w,0.0,0.0,10757.52,10757.52,10000.0,757.52,0.0,0.0,0.0,Jun-2016,9795.24,Apr-2018,559.0,555.0,0.0,1.0,Individual,0.0,0.0,65214.0,23000.0,4.0,3432.0,15310.0,28.1,0.0,0.0,183.0,162.0,3.0,3.0,0.0,3.0,1.0,1.0,3.0,4.0,3.0,5.0,28.0,4.0,8.0,4.0,19.0,0.0,0.0,0.0,2.0,96.9,0.0,1.0,0.0,85929.0,65214.0,21300.0,62929.0,N,Cash,N,0
inicio,88,68547679,18500.0,18500.0,18500.0, 60 months,12.88,419.8,C,C2,Supply Chain Coord.,10+ years,MORTGAGE,70000.0,Source Verified,Dec-2015,Fully Paid,n,https://lendingclub.com/browse/loanDetail.action?loan_id=68547679,debt_consolidation,Debt consolidation,752xx,TX,13.2,0.0,Jun-2002,675.0,679.0,1.0,9.0,0.0,15883.0,57.8,19.0,w,0.0,0.0,21912.0029878217,21912.0,18500.0,3412.0,0.0,0.0,0.0,Aug-2017,14388.69,Aug-2017,724.0,720.0,0.0,1.0,Individual,0.0,0.0,123863.0,27500.0,5.0,13763.0,11617.0,57.8,0.0,0.0,154.0,162.0,3.0,3.0,2.0,3.0,2.0,1.0,6.0,6.0,6.0,11.0,4.0,6.0,13.0,6.0,9.0,0.0,0.0,0.0,3.0,89.5,16.7,0.0,0.0,143748.0,28564.0,27500.0,17944.0,N,Cash,N,0
inicio,89,68537594,5000.0,5000.0,5000.0, 36 months,7.91,156.48,A,A5,Property Manager,6 years,RENT,32000.0,Source Verified,Dec-2015,Fully Paid,n,https://lendingclub.com/browse/loanDetail.action?loan_id=68537594,credit_card,Credit card refinancing,434xx,OH,13.73,0.0,Feb-2012,685.0,689.0,0.0,7.0,1.0,5552.0,41.1,10.0,w,0.0,0.0,5627.559926071999,5627.56,5000.0,627.56,0.0,0.0,0.0,Jan-2019,156.25,Mar-2019,659.0,655.0,0.0,1.0,Individual,0.0,0.0,11665.0,13500.0,5.0,1666.0,5787.0,42.7,0.0,0.0,13.0,46.0,16.0,13.0,0.0,17.0,11.0,0.0,4.0,5.0,4.0,5.0,1.0,6.0,9.0,5.0,7.0,0.0,0.0,0.0,0.0,100.0,0.0,1.0,0.0,21690.0,11665.0,10100.0,8190.0,N,Cash,N,0
inicio,90,68565856,9000.0,9000.0,9000.0, 36 months,9.17,286.92,B,B2,Truck Driver,1 year,OWN,50000.0,Not Verified,Dec-2015,Fully Paid,n,https://lendingclub.com/browse/loanDetail.action?loan_id=68565856,debt_consolidation,Debt consolidation,670xx,KS,11.98,0.0,Jun-2001,800.0,804.0,2.0,5.0,0.0,7518.0,48.5,11.0,w,0.0,0.0,10232.9087061272,10232.91,9000.0,1232.91,0.0,0.0,0.0,Jan-2019,167.11,Jan-2019,589.0,585.0,0.0,1.0,Individual,0.0,0.0,40272.0,15500.0,1.0,8054.0,7982.0,48.5,0.0,0.0,165.0,174.0,4.0,4.0,2.0,4.0,0.0,0.0,2.0,2.0,3.0,5.0,3.0,3.0,6.0,2.0,5.0,0.0,0.0,0.0,1.0,100.0,33.3,0.0,0.0,69818.0,14118.0,15500.0,16318.0,N,Cash,N,0
inicio,91,68367006,11000.0,11000.0,11000.0, 36 months,6.49,337.09,A,A2,material handler lead,10+ years,MORTGAGE,85000.0,Not Verified,Dec-2015,Fully Paid,n,https://lendingclub.com/browse/loanDetail.action?loan_id=68367006,credit_card,Credit card refinancing,016xx,MA,15.0,0.0,Apr-2005,755.0,759.0,0.0,12.0,0.0,9488.0,20.1,31.0,w,0.0,0.0,11513.41,11513.41,11000.0,513.41,0.0,0.0,0.0,Oct-2016,8826.61,Feb-2019,694.0,690.0,0.0,1.0,Individual,0.0,0.0,32193.0,47300.0,3.0,2927.0,13312.0,41.6,0.0,0.0,128.0,121.0,18.0,17.0,0.0,45.0,0.0,0.0,3.0,3.0,5.0,10.0,8.0,10.0,21.0,3.0,12.0,0.0,0.0,0.0,0.0,100.0,0.0,0.0,0.0,90996.0,32193.0,22800.0,43696.0,N,Cash,N,0
inicio,92,68426699,20000.0,20000.0,20000.0, 36 months,6.49,612.89,A,A2,"TEAM LEAD, QUALITY ENGINEER",6 years,MORTGAGE,55000.0,Not Verified,Dec-2015,Fully Paid,n,https://lendingclub.com/browse/loanDetail.action?loan_id=68426699,debt_consolidation,Debt consolidation,381xx,TN,29.15,0.0,Sep-1994,750.0,754.0,0.0,9.0,0.0,4851.0,23.8,23.0,w,0.0,0.0,22045.971550316,22045.97,20000.0,2045.97,0.0,0.0,0.0,Jan-2019,612.85,Mar-2019,749.0,745.0,0.0,1.0,Individual,0.0,0.0,205155.0,20400.0,5.0,25644.0,9924.0,21.9,0.0,0.0,87.0,255.0,8.0,3.0,1.0,8.0,3.0,0.0,1.0,3.0,2.0,9.0,8.0,5.0,14.0,3.0,9.0,0.0,0.0,0.0,2.0,95.7,0.0,0.0,0.0,247433.0,41663.0,12700.0,46367.0,N,Cash,N,0
inicio,93,68377020,15000.0,15000.0,15000.0, 36 months,5.32,451.73,A,A1,,,RENT,80000.0,Not Verified,Dec-2015,Fully Paid,n,https://lendingclub.com/browse/loanDetail.action?loan_id=68377020,debt_consolidation,Debt consolidation,236xx,VA,20.18,0.0,Apr-1993,775.0,779.0,1.0,30.0,0.0,41593.0,21.4,47.0,w,0.0,0.0,16241.2754893718,16241.28,15000.0,1241.28,0.0,0.0,0.0,Sep-2018,2244.3,Sep-2018,799.0,795.0,0.0,1.0,Individual,0.0,0.0,330562.0,194800.0,6.0,13773.0,114609.0,4.2,0.0,0.0,141.0,272.0,2.0,2.0,2.0,2.0,1.0,0.0,7.0,12.0,12.0,19.0,6.0,28.0,39.0,12.0,30.0,0.0,0.0,0.0,2.0,97.9,0.0,0.0,0.0,537200.0,97129.0,119600.0,94400.0,N,Cash,N,0
inicio,94,68446746,12000.0,12000.0,12000.0, 36 months,5.32,361.38,A,A1,Network Operation Engineer,4 years,MORTGAGE,53750.0,Source Verified,Dec-2015,Fully Paid,n,https://lendingclub.com/browse/loanDetail.action?loan_id=68446746,debt_consolidation,Debt consolidation,850xx,AZ,15.3,1.0,Sep-2007,700.0,704.0,0.0,8.0,0.0,3172.0,17.2,19.0,w,0.0,0.0,12463.54,12463.54,12000.0,463.54,0.0,0.0,0.0,Nov-2016,9219.99,Dec-2018,499.0,0.0,0.0,1.0,Individual,0.0,0.0,142615.0,18400.0,3.0,17827.0,8500.0,0.0,0.0,0.0,99.0,60.0,35.0,9.0,2.0,37.0,11.0,0.0,0.0,3.0,2.0,3.0,10.0,5.0,6.0,3.0,8.0,0.0,0.0,0.0,1.0,94.7,0.0,0.0,0.0,183062.0,11146.0,8500.0,29053.0,N,Cash,N,0
inicio,95,68537564,8000.0,8000.0,8000.0, 36 months,10.78,261.08,B,B4,Counselor,< 1 year,MORTGAGE,45000.0,Not Verified,Dec-2015,Fully Paid,n,https://lendingclub.com/browse/loanDetail.action?loan_id=68537564,debt_consolidation,Debt consolidation,482xx,MI,21.23,0.0,Jan-1998,670.0,674.0,0.0,28.0,0.0,11141.0,35.5,69.0,w,0.0,0.0,9257.1024582076,9257.1,8000.0,1257.1,0.0,0.0,0.0,Mar-2018,252.27,Mar-2019,769.0,765.0,0.0,1.0,Individual,0.0,0.0,148154.0,31400.0,7.0,5926.0,1188.0,79.5,0.0,0.0,147.0,215.0,4.0,4.0,2.0,13.0,13.0,1.0,3.0,11.0,3.0,6.0,21.0,25.0,45.0,12.0,27.0,0.0,0.0,0.0,4.0,97.1,100.0,0.0,0.0,168819.0,148154.0,5800.0,136996.0,N,Cash,N,0
inicio,96,68446784,12000.0,12000.0,12000.0, 36 months,10.78,391.62,B,B4,Salesman,3 years,RENT,40000.0,Not Verified,Dec-2015,Fully Paid,n,https://lendingclub.com/browse/loanDetail.action?loan_id=68446784,credit_card,Credit card refinancing,070xx,NJ,31.95,3.0,May-2008,665.0,669.0,0.0,16.0,0.0,11008.0,41.4,22.0,w,0.0,0.0,13096.7322266628,13096.73,12000.0,1096.73,0.0,0.0,0.0,Jan-2017,8659.7,Feb-2019,524.0,520.0,0.0,1.0,Individual,0.0,230.0,31915.0,26600.0,3.0,2128.0,10671.0,49.7,0.0,0.0,64.0,91.0,10.0,10.0,0.0,10.0,2.0,0.0,7.0,8.0,10.0,11.0,3.0,14.0,19.0,8.0,16.0,0.0,0.0,0.0,2.0,90.5,20.0,0.0,0.0,59420.0,31915.0,21200.0,32820.0,N,Cash,N,0
inicio,97,68376533,18000.0,18000.0,18000.0, 36 months,7.49,559.83,A,A4,Systems Support Engineer,5 years,MORTGAGE,75000.0,Not Verified,Dec-2015,Fully Paid,n,https://lendingclub.com/browse/loanDetail.action?loan_id=68376533,debt_consolidation,Debt consolidation,030xx,NH,25.65,0.0,Mar-2001,715.0,719.0,1.0,12.0,0.0,7758.0,33.2,47.0,w,0.0,0.0,19771.097252642,19771.1,18000.0,1771.1,0.0,0.0,0.0,Oct-2017,8073.57,Feb-2019,529.0,525.0,0.0,1.0,Individual,0.0,0.0,304914.0,23400.0,7.0,25410.0,12642.0,38.0,0.0,0.0,177.0,175.0,6.0,6.0,1.0,6.0,6.0,0.0,2.0,2.0,4.0,15.0,24.0,5.0,21.0,2.0,12.0,0.0,0.0,0.0,5.0,97.8,50.0,0.0,0.0,335119.0,102660.0,20400.0,107522.0,N,Cash,N,0
inicio,98,68476714,3600.0,3600.0,3600.0, 36 months,11.48,118.68,B,B5,Systems Administrator,< 1 year,MORTGAGE,85000.0,Source Verified,Dec-2015,Fully Paid,n,https://lendingclub.com/browse/loanDetail.action?loan_id=68476714,debt_consolidation,Debt consolidation,220xx,VA,17.44,0.0,Apr-1994,675.0,679.0,2.0,12.0,1.0,6952.0,28.7,23.0,w,0.0,0.0,4049.625086803,4049.63,3600.0,449.63,0.0,0.0,0.0,May-2017,2275.17,Jan-2019,729.0,725.0,0.0,1.0,Individual,0.0,194.0,407032.0,24200.0,4.0,33919.0,15532.0,29.4,0.0,0.0,260.0,129.0,16.0,9.0,1.0,16.0,1.0,0.0,3.0,4.0,7.0,10.0,8.0,8.0,14.0,4.0,12.0,0.0,0.0,0.0,1.0,100.0,28.6,1.0,0.0,457315.0,42332.0,22000.0,43306.0,N,Cash,N,0
inicio,99,66615254,7200.0,7200.0,7200.0, 36 months,17.27,257.67,D,D3,Department Manager ,9 years,OWN,20000.0,Verified,Dec-2015,Charged Off,n,https://lendingclub.com/browse/loanDetail.action?loan_id=66615254,debt_consolidation,Debt consolidation,023xx,MA,13.21,1.0,Apr-2003,705.0,709.0,1.0,8.0,0.0,7302.0,32.6,17.0,w,0.0,0.0,3767.42,3767.42,2002.17,1041.44,0.0,723.81,130.2858,Dec-2016,257.67,Jul-2018,549.0,545.0,0.0,1.0,Individual,0.0,0.0,7302.0,22400.0,5.0,913.0,9831.0,41.8,0.0,0.0,128.0,152.0,5.0,5.0,0.0,5.0,0.0,0.0,3.0,4.0,5.0,10.0,2.0,8.0,15.0,4.0,8.0,0.0,0.0,0.0,4.0,94.1,0.0,0.0,0.0,22400.0,7302.0,16900.0,0.0,N,Cash,Y,1
inicio,100,68396484,15000.0,15000.0,15000.0, 60 months,13.44,344.69,C,C3,Counselor,4 years,RENT,77213.0,Source Verified,Dec-2015,Fully Paid,n,https://lendingclub.com/browse/loanDetail.action?loan_id=68396484,credit_card,Credit card refinancing,347xx,FL,18.17,0.0,Dec-2001,670.0,674.0,2.0,17.0,1.0,59237.0,25.8,44.0,w,0.0,0.0,17307.0186828177,17307.02,15000.0,2307.02,0.0,0.0,0.0,Mar-2017,12793.18,Jan-2019,734.0,730.0,0.0,1.0,Individual,0.0,0.0,155521.0,80500.0,7.0,9720.0,6962.0,49.6,0.0,0.0,143.0,168.0,3.0,3.0,1.0,4.0,1.0,0.0,5.0,8.0,5.0,10.0,12.0,14.0,29.0,8.0,16.0,0.0,0.0,0.0,2.0,100.0,40.0,1.0,0.0,176208.0,155521.0,13800.0,95668.0,N,Cash,N,0
inicio,101,68416256,5000.0,5000.0,5000.0, 36 months,9.8,160.87,B,B3,Accounts Payable Manager,6 years,OWN,72000.0,Not Verified,Dec-2015,Fully Paid,n,https://lendingclub.com/browse/loanDetail.action?loan_id=68416256,other,Other,280xx,NC,6.52,0.0,Jan-2002,710.0,714.0,0.0,11.0,1.0,4838.0,56.3,20.0,f,0.0,0.0,5736.458009387,5736.46,5000.0,736.46,0.0,0.0,0.0,Apr-2018,1560.65,Apr-2018,744.0,740.0,0.0,1.0,Individual,0.0,0.0,142064.0,8600.0,3.0,12915.0,,,0.0,0.0,167.0,43.0,7.0,7.0,2.0,,12.0,0.0,0.0,3.0,0.0,0.0,14.0,4.0,4.0,3.0,11.0,0.0,0.0,0.0,2.0,100.0,,1.0,0.0,155131.0,20751.0,0.0,23281.0,N,Cash,N,0
inicio,102,68446093,11550.0,11550.0,11550.0, 60 months,16.59,284.51,D,D2,general manager,5 years,RENT,38000.0,Not Verified,Dec-2015,Charged Off,n,https://lendingclub.com/browse/loanDetail.action?loan_id=68446093,credit_card,Credit card refinancing,436xx,OH,21.07,0.0,Jan-2011,700.0,704.0,0.0,9.0,0.0,7179.0,39.7,12.0,w,0.0,0.0,7397.62,7397.62,3184.23,3048.38,0.0,1165.01,209.7018,Nov-2017,284.51,Apr-2018,529.0,525.0,0.0,1.0,Individual,0.0,0.0,10353.0,18100.0,4.0,1150.0,6924.0,43.7,0.0,0.0,39.0,59.0,5.0,5.0,0.0,5.0,0.0,0.0,3.0,4.0,5.0,5.0,2.0,7.0,10.0,5.0,9.0,0.0,0.0,0.0,2.0,100.0,60.0,0.0,0.0,34105.0,10353.0,12300.0,16005.0,N,Cash,N,1
inicio,103,66583801,33600.0,33600.0,33600.0, 36 months,10.78,1096.53,B,B4,Aviation Safety Inspector,8 years,RENT,104000.0,Source Verified,Dec-2015,Fully Paid,n,https://lendingclub.com/browse/loanDetail.action?loan_id=66583801,debt_consolidation,Debt consolidation,441xx,OH,14.01,0.0,Nov-2000,690.0,694.0,2.0,14.0,0.0,28475.0,51.8,31.0,w,0.0,0.0,34309.15,34309.15,33600.0,709.15,0.0,0.0,0.0,Mar-2016,33262.93,Mar-2016,699.0,695.0,0.0,1.0,Individual,0.0,0.0,42952.0,55000.0,1.0,3068.0,8302.0,75.0,0.0,0.0,156.0,181.0,8.0,8.0,1.0,8.0,1.0,1.0,5.0,9.0,6.0,12.0,7.0,13.0,23.0,10.0,14.0,0.0,0.0,0.0,1.0,96.8,33.3,0.0,0.0,92909.0,42952.0,33200.0,37909.0,N,Cash,N,0
inicio,105,68585839,17475.0,17475.0,17475.0, 36 months,13.99,597.17,C,C4,Software Testing Analyst,2 years,RENT,39750.0,Not Verified,Dec-2015,Charged Off,n,https://lendingclub.com/browse/loanDetail.action?loan_id=68585839,debt_consolidation,Debt consolidation,604xx,IL,23.58,0.0,May-2002,695.0,699.0,0.0,7.0,0.0,10987.0,52.3,13.0,w,0.0,0.0,15789.65,15789.65,8303.45,3104.2,0.0,4382.0,788.76,Sep-2017,597.17,Feb-2019,589.0,585.0,0.0,1.0,Individual,0.0,0.0,32365.0,21000.0,3.0,5394.0,10013.0,52.3,0.0,0.0,106.0,163.0,11.0,11.0,0.0,11.0,11.0,0.0,2.0,2.0,4.0,5.0,6.0,4.0,7.0,2.0,7.0,0.0,0.0,0.0,1.0,84.6,0.0,0.0,0.0,50240.0,32365.0,21000.0,29240.0,N,Cash,Y,1
inicio,106,68476734,9000.0,9000.0,9000.0, 36 months,8.49,284.07,B,B1,Office Manager,8 years,MORTGAGE,47000.0,Not Verified,Dec-2015,Fully Paid,n,https://lendingclub.com/browse/loanDetail.action?loan_id=68476734,debt_consolidation,Debt consolidation,346xx,FL,8.43,0.0,Nov-2000,675.0,679.0,0.0,12.0,0.0,9747.0,26.7,22.0,w,0.0,0.0,10213.625081791,10213.63,9000.0,1213.63,0.0,0.0,0.0,Nov-2018,849.93,Nov-2018,674.0,670.0,0.0,1.0,Individual,0.0,500.0,9747.0,36500.0,5.0,812.0,20142.0,32.2,0.0,0.0,,181.0,5.0,5.0,0.0,5.0,19.0,0.0,6.0,7.0,8.0,15.0,0.0,12.0,22.0,7.0,12.0,0.0,0.0,0.0,2.0,100.0,12.5,0.0,0.0,36500.0,9747.0,29700.0,0.0,N,Cash,N,0
inicio,107,68506789,12000.0,12000.0,12000.0, 60 months,9.8,253.79,B,B3,Teacher,10+ years,MORTGAGE,65000.0,Not Verified,Dec-2015,Fully Paid,n,https://lendingclub.com/browse/loanDetail.action?loan_id=68506789,debt_consolidation,Debt consolidation,660xx,KS,23.84,0.0,Nov-2003,785.0,789.0,0.0,18.0,0.0,9786.0,13.4,37.0,w,0.0,0.0,13842.626405416398,13842.63,12000.0,1842.63,0.0,0.0,0.0,Nov-2017,8529.37,Nov-2017,819.0,815.0,0.0,1.0,Individual,0.0,0.0,181540.0,73200.0,8.0,10086.0,41055.0,17.1,0.0,0.0,127.0,145.0,4.0,1.0,2.0,4.0,14.0,0.0,2.0,4.0,5.0,10.0,13.0,11.0,22.0,4.0,18.0,0.0,0.0,0.0,3.0,100.0,0.0,0.0,0.0,291626.0,74787.0,49500.0,105910.0,N,Cash,N,0
inicio,108,68506793,4000.0,4000.0,4000.0, 36 months,9.17,127.52,B,B2,Store Manager,2 years,RENT,44500.0,Verified,Dec-2015,Fully Paid,n,https://lendingclub.com/browse/loanDetail.action?loan_id=68506793,debt_consolidation,Debt consolidation,681xx,NE,15.83,0.0,Sep-2003,670.0,674.0,0.0,4.0,1.0,502.0,4.2,24.0,w,0.0,0.0,4399.0230701534,4399.02,4000.0,399.02,0.0,0.0,0.0,May-2017,2491.31,Jan-2019,684.0,680.0,0.0,1.0,Individual,0.0,0.0,7980.0,12000.0,3.0,1995.0,11498.0,4.2,0.0,0.0,147.0,142.0,9.0,5.0,3.0,9.0,9.0,0.0,1.0,1.0,2.0,5.0,11.0,2.0,10.0,1.0,4.0,0.0,0.0,0.0,2.0,100.0,0.0,1.0,0.0,33017.0,7980.0,12000.0,21017.0,N,Cash,N,0
inicio,109,68496036,10500.0,10500.0,10500.0, 36 months,15.77,367.96,D,D1,Software Engineer,3 years,RENT,70100.0,Source Verified,Dec-2015,Fully Paid,n,https://lendingclub.com/browse/loanDetail.action?loan_id=68496036,credit_card,Credit card refinancing,661xx,KS,8.51,0.0,Aug-2008,660.0,664.0,0.0,5.0,0.0,8280.0,77.4,10.0,w,0.0,0.0,13048.516847021,13048.52,10500.0,2548.52,0.0,0.0,0.0,May-2018,3036.6,May-2018,674.0,670.0,0.0,1.0,Individual,0.0,0.0,26327.0,10700.0,3.0,5265.0,2420.0,77.4,0.0,0.0,9.0,88.0,6.0,6.0,0.0,6.0,4.0,2.0,3.0,3.0,4.0,7.0,1.0,4.0,9.0,3.0,5.0,0.0,0.0,0.0,3.0,80.0,50.0,0.0,0.0,32280.0,26327.0,10700.0,21580.0,N,Cash,N,0
inicio,110,68516507,14000.0,14000.0,14000.0, 36 months,9.8,450.43,B,B3,Master mechanic,4 years,MORTGAGE,100000.0,Not Verified,Dec-2015,Fully Paid,n,https://lendingclub.com/browse/loanDetail.action?loan_id=68516507,medical,Medical expenses,439xx,OH,15.97,0.0,Dec-1997,685.0,689.0,0.0,7.0,0.0,34250.0,36.1,14.0,f,0.0,0.0,16205.3677867613,16205.37,14000.0,2205.37,0.0,0.0,0.0,Jan-2019,450.79,Jan-2019,709.0,705.0,0.0,1.0,Individual,0.0,6594.0,451137.0,84500.0,3.0,64448.0,22057.0,36.1,0.0,0.0,134.0,216.0,54.0,7.0,2.0,54.0,7.0,0.0,2.0,3.0,2.0,3.0,6.0,3.0,6.0,3.0,7.0,0.0,0.0,0.0,2.0,100.0,0.0,0.0,0.0,531602.0,84039.0,34500.0,55842.0,N,Cash,N,0
inicio,111,68377006,6000.0,6000.0,6000.0, 36 months,7.91,187.77,A,A5,Road driver,10+ years,MORTGAGE,105000.0,Not Verified,Dec-2015,Fully Paid,n,https://lendingclub.com/browse/loanDetail.action?loan_id=68377006,car,Car financing,431xx,OH,14.45,0.0,May-2006,685.0,689.0,1.0,9.0,3.0,8353.0,65.3,11.0,w,0.0,0.0,6753.096794824,6753.1,6000.0,753.1,0.0,0.0,0.0,Jan-2019,187.74,Feb-2019,649.0,645.0,0.0,1.0,Individual,0.0,0.0,182893.0,12800.0,3.0,20321.0,2953.0,51.6,0.0,0.0,103.0,115.0,19.0,19.0,1.0,83.0,6.0,0.0,3.0,5.0,3.0,3.0,5.0,5.0,5.0,5.0,9.0,0.0,0.0,0.0,0.0,100.0,0.0,0.0,3.0,225933.0,40615.0,6100.0,54068.0,N,Cash,N,0
inicio,113,68416935,15000.0,15000.0,15000.0, 36 months,9.8,482.61,B,B3,Electronic Branch Manager,3 years,MORTGAGE,92000.0,Not Verified,Dec-2015,Fully Paid,n,https://lendingclub.com/browse/loanDetail.action?loan_id=68416935,debt_consolidation,Debt consolidation,973xx,OR,13.89,0.0,Nov-2001,680.0,684.0,1.0,7.0,2.0,12703.0,35.2,31.0,w,0.0,0.0,15415.46,15415.46,15000.0,415.46,0.0,0.0,0.0,Apr-2016,14450.25,Sep-2017,724.0,720.0,0.0,1.0,Individual,0.0,0.0,312996.0,36100.0,5.0,44714.0,23397.0,35.2,0.0,0.0,159.0,169.0,12.0,8.0,6.0,12.0,4.0,0.0,3.0,3.0,4.0,9.0,15.0,4.0,10.0,3.0,7.0,0.0,0.0,0.0,4.0,100.0,0.0,1.0,0.0,347470.0,53397.0,36100.0,47370.0,N,Cash,N,0
inicio,114,68606528,12000.0,12000.0,12000.0, 36 months,9.17,382.55,B,B2,Registered Veterinary Technitian ,4 years,MORTGAGE,39400.0,Not Verified,Dec-2015,Fully Paid,n,https://lendingclub.com/browse/loanDetail.action?loan_id=68606528,debt_consolidation,Debt consolidation,958xx,CA,26.32,0.0,Sep-2006,705.0,709.0,1.0,18.0,0.0,10495.0,34.6,25.0,w,0.0,0.0,13277.5661723978,13277.57,12000.0,1277.57,0.0,0.0,0.0,Jun-2017,7172.05,Mar-2019,794.0,790.0,0.0,1.0,Individual,0.0,0.0,153211.0,30300.0,3.0,10214.0,8209.0,49.6,0.0,0.0,110.0,111.0,12.0,12.0,2.0,40.0,3.0,0.0,4.0,5.0,5.0,6.0,4.0,15.0,19.0,6.0,18.0,0.0,0.0,0.0,1.0,96.0,40.0,0.0,0.0,191950.0,32156.0,16300.0,32022.0,N,Cash,N,0
inicio,115,68446820,10000.0,10000.0,10000.0, 36 months,11.48,329.67,B,B5,Paralegal,2 years,RENT,33000.0,Not Verified,Dec-2015,Fully Paid,n,https://lendingclub.com/browse/loanDetail.action?loan_id=68446820,debt_consolidation,Debt consolidation,477xx,IN,21.75,0.0,Aug-2009,710.0,714.0,0.0,12.0,1.0,8052.0,35.6,20.0,w,0.0,0.0,11833.280420796598,11833.28,10000.0,1833.28,0.0,0.0,0.0,Dec-2018,329.46,Mar-2019,704.0,700.0,0.0,1.0,Individual,0.0,0.0,23197.0,22600.0,6.0,1933.0,12925.0,37.9,0.0,0.0,52.0,76.0,5.0,5.0,0.0,5.0,2.0,0.0,6.0,7.0,6.0,10.0,4.0,8.0,16.0,7.0,12.0,0.0,0.0,0.0,2.0,100.0,33.3,0.0,1.0,49732.0,23197.0,20800.0,27132.0,N,Cash,N,0
inicio,116,68356922,4200.0,4200.0,4200.0, 36 months,13.99,143.53,C,C4,Patrol Officer,2 years,RENT,32000.0,Source Verified,Dec-2015,Fully Paid,n,https://lendingclub.com/browse/loanDetail.action?loan_id=68356922,other,Other,377xx,TN,31.02,0.0,Nov-2009,705.0,709.0,2.0,10.0,0.0,1294.0,11.7,16.0,w,0.0,0.0,5036.3727967842,5036.37,4200.0,836.37,0.0,0.0,0.0,Jan-2018,1743.34,Jun-2018,634.0,630.0,0.0,1.0,Individual,0.0,0.0,38865.0,11100.0,7.0,3887.0,5422.0,3.2,0.0,0.0,73.0,72.0,6.0,1.0,0.0,6.0,0.0,1.0,2.0,4.0,2.0,2.0,8.0,4.0,7.0,4.0,10.0,0.0,0.0,0.0,3.0,87.5,0.0,0.0,0.0,53161.0,38865.0,5600.0,42061.0,N,Cash,N,0
inicio,117,68566702,35000.0,35000.0,35000.0, 60 months,20.5,937.06,E,E4,"Director, Human Resources",8 years,MORTGAGE,120000.0,Source Verified,Dec-2015,Fully Paid,n,https://lendingclub.com/browse/loanDetail.action?loan_id=68566702,debt_consolidation,Debt consolidation,301xx,GA,35.69,1.0,Oct-1994,700.0,704.0,0.0,25.0,0.0,13993.0,32.2,54.0,w,0.0,0.0,39312.22,39312.22,35000.0,4312.22,0.0,0.0,0.0,Aug-2016,33789.51,May-2018,749.0,745.0,0.0,1.0,Individual,0.0,0.0,440222.0,43400.0,7.0,20010.0,11939.0,33.7,0.0,0.0,254.0,115.0,17.0,3.0,3.0,17.0,6.0,0.0,2.0,4.0,5.0,9.0,28.0,13.0,22.0,5.0,25.0,0.0,0.0,0.0,2.0,98.1,0.0,0.0,0.0,498200.0,240034.0,18000.0,211420.0,N,Cash,N,0
medio,1118136,37287931,15000.0,15000.0,15000.0, 36 months,7.49,466.53,A,A4,Associate,< 1 year,RENT,60000.0,Not Verified,Dec-2014,Fully Paid,n,https://lendingclub.com/browse/loanDetail.action?loan_id=37287931,credit_card,Credit card refinancing,891xx,NV,8.02,0.0,Feb-2003,710.0,714.0,1.0,8.0,0.0,16212.0,34.6,47.0,f,0.0,0.0,15455.46,15455.46,15000.0,455.46,0.0,0.0,0.0,May-2015,11195.58,Jun-2016,674.0,670.0,0.0,1.0,Individual,0.0,0.0,16212.0,46800.0,2.0,2027.0,21149.0,40.9,0.0,0.0,109.0,142.0,15.0,15.0,0.0,15.0,6.0,0.0,5.0,7.0,6.0,16.0,9.0,8.0,38.0,7.0,8.0,0.0,0.0,0.0,0.0,100.0,16.7,0.0,0.0,46800.0,16212.0,35800.0,0.0,N,Cash,N,0
medio,1118137,36801858,9600.0,9600.0,9600.0, 36 months,15.59,335.57,D,D1,outside sales,< 1 year,MORTGAGE,60000.0,Source Verified,Dec-2014,Charged Off,n,https://lendingclub.com/browse/loanDetail.action?loan_id=36801858,other,Other,906xx,CA,11.28,0.0,Oct-1990,700.0,704.0,0.0,7.0,5.0,2726.0,32.2,13.0,w,0.0,0.0,5376.23,5376.23,2965.23,1430.5,0.0,980.5,176.49,Feb-2016,335.57,Oct-2016,604.0,600.0,0.0,1.0,Individual,0.0,0.0,15557.0,13200.0,6.0,2222.0,200.0,83.3,0.0,0.0,125.0,290.0,9.0,9.0,0.0,27.0,7.0,0.0,1.0,5.0,1.0,1.0,6.0,5.0,7.0,5.0,7.0,0.0,0.0,0.0,1.0,100.0,100.0,1.0,3.0,31487.0,15557.0,1200.0,18287.0,N,Cash,N,1
medio,1118138,35883614,4400.0,4400.0,4400.0, 36 months,15.99,154.67,D,D2,IT SPECIALIST,1 year,MORTGAGE,54500.0,Not Verified,Dec-2014,Fully Paid,n,https://lendingclub.com/browse/loanDetail.action?loan_id=35883614,debt_consolidation,Debt consolidation,704xx,LA,10.88,6.0,Aug-2001,675.0,679.0,3.0,10.0,0.0,7951.0,32.6,29.0,f,0.0,0.0,4452.77,4452.77,4400.0,52.77,0.0,0.0,0.0,Jan-2015,4456.68,Oct-2016,634.0,630.0,0.0,1.0,Individual,0.0,352.0,157447.0,24400.0,3.0,17494.0,15262.0,33.1,0.0,0.0,138.0,160.0,6.0,6.0,3.0,10.0,1.0,3.0,2.0,5.0,2.0,7.0,6.0,6.0,20.0,5.0,10.0,0.0,0.0,3.0,3.0,69.0,0.0,0.0,0.0,212800.0,15935.0,22800.0,10500.0,N,Cash,N,0
medio,1118139,37830362,15000.0,15000.0,15000.0, 60 months,13.66,346.39,C,C3,Registered Nurse,< 1 year,RENT,45000.0,Not Verified,Dec-2014,Fully Paid,n,https://lendingclub.com/browse/loanDetail.action?loan_id=37830362,debt_consolidation,Debt consolidation,805xx,CO,21.04,0.0,Jul-2003,680.0,684.0,0.0,9.0,1.0,5094.0,57.9,36.0,f,0.0,0.0,20215.598887385902,20215.6,15000.0,5215.6,0.0,0.0,0.0,Jul-2018,5678.6,Mar-2019,714.0,710.0,0.0,1.0,Individual,0.0,0.0,88191.0,8800.0,4.0,9799.0,3706.0,57.9,0.0,0.0,137.0,133.0,22.0,3.0,2.0,22.0,7.0,2.0,2.0,2.0,4.0,9.0,20.0,4.0,14.0,2.0,9.0,0.0,0.0,0.0,3.0,90.3,0.0,1.0,0.0,100122.0,88191.0,8800.0,91322.0,N,Cash,N,0
medio,1118140,37701093,11200.0,11200.0,11200.0, 36 months,12.99,377.32,C,C2,Project Manager,4 years,RENT,55000.0,Verified,Dec-2014,Charged Off,n,https://lendingclub.com/browse/loanDetail.action?loan_id=37701093,credit_card,Credit card refinancing,331xx,FL,27.97,0.0,Jun-2006,690.0,694.0,2.0,16.0,0.0,26011.0,95.2,26.0,f,0.0,0.0,3742.78,3742.78,2407.08,980.72,0.0,354.98,63.896400003100005,Sep-2015,377.32,Sep-2018,604.0,600.0,0.0,1.0,Individual,0.0,0.0,62978.0,27100.0,6.0,3936.0,1230.0,92.0,0.0,0.0,73.0,102.0,8.0,8.0,0.0,8.0,1.0,0.0,9.0,10.0,9.0,15.0,8.0,10.0,18.0,10.0,16.0,0.0,0.0,0.0,3.0,100.0,100.0,0.0,0.0,73622.0,62978.0,19600.0,46522.0,N,Cash,N,1
medio,1118141,37187580,8000.0,8000.0,8000.0, 36 months,9.49,256.23,B,B2,RN,10+ years,MORTGAGE,82000.0,Source Verified,Dec-2014,Fully Paid,n,https://lendingclub.com/browse/loanDetail.action?loan_id=37187580,debt_consolidation,Debt consolidation,750xx,TX,7.77,2.0,Feb-1995,715.0,719.0,0.0,7.0,0.0,1706.0,9.7,22.0,f,0.0,0.0,8986.270000008199,8986.27,8000.0,986.27,0.0,0.0,0.0,Aug-2016,4122.12,Mar-2019,669.0,665.0,0.0,1.0,Individual,0.0,0.0,23275.0,17500.0,2.0,3325.0,5503.0,21.4,0.0,0.0,152.0,238.0,21.0,13.0,3.0,47.0,19.0,0.0,1.0,2.0,2.0,7.0,5.0,5.0,14.0,2.0,7.0,0.0,0.0,0.0,0.0,90.9,0.0,0.0,0.0,44815.0,23275.0,7000.0,27315.0,N,Cash,N,0
medio,1118142,37661081,11050.0,11050.0,11050.0, 36 months,18.54,402.49,E,E1,flight attendant,7 years,MORTGAGE,50000.0,Source Verified,Dec-2014,Fully Paid,n,https://lendingclub.com/browse/loanDetail.action?loan_id=37661081,credit_card,Credit card refinancing,112xx,NY,16.42,0.0,Jul-2002,720.0,724.0,2.0,11.0,0.0,9249.0,65.2,24.0,f,0.0,0.0,14426.9034087118,14426.9,11050.0,3376.9,0.0,0.0,0.0,Sep-2017,1575.1,Mar-2019,694.0,690.0,0.0,1.0,Individual,0.0,0.0,223681.0,17100.0,3.0,24853.0,6657.0,70.3,0.0,0.0,122.0,149.0,3.0,3.0,2.0,3.0,3.0,0.0,3.0,4.0,3.0,4.0,4.0,9.0,16.0,4.0,11.0,0.0,0.0,0.0,3.0,100.0,33.3,0.0,0.0,259836.0,26960.0,15500.0,19736.0,N,Cash,N,0
medio,1118143,36039221,7200.0,7200.0,7200.0, 36 months,13.66,244.9,C,C3,Nurse,10+ years,MORTGAGE,30000.0,Source Verified,Dec-2014,Fully Paid,n,https://lendingclub.com/browse/loanDetail.action?loan_id=36039221,debt_consolidation,Debt consolidation,330xx,FL,27.69,3.0,Feb-1995,705.0,709.0,0.0,18.0,0.0,4767.0,16.1,34.0,f,0.0,0.0,8431.770000095,8431.77,7200.0,1231.77,0.0,0.0,0.0,Jul-2016,4029.03,Mar-2019,704.0,700.0,0.0,1.0,Individual,1.0,0.0,34466.0,29600.0,5.0,2027.0,20006.0,14.9,0.0,33.0,175.0,238.0,11.0,11.0,2.0,11.0,15.0,0.0,3.0,5.0,5.0,9.0,16.0,10.0,16.0,5.0,17.0,0.0,1.0,0.0,2.0,88.2,0.0,0.0,0.0,73350.0,34466.0,23500.0,43750.0,N,Cash,N,0
medio,1118144,37720530,30000.0,30000.0,30000.0, 36 months,7.49,933.05,A,A4,Owner,9 years,MORTGAGE,100000.0,Source Verified,Dec-2014,Fully Paid,n,https://lendingclub.com/browse/loanDetail.action?loan_id=37720530,debt_consolidation,Debt consolidation,301xx,GA,23.31,0.0,Sep-2000,745.0,749.0,0.0,11.0,0.0,73134.0,56.8,14.0,f,0.0,0.0,33581.486840804304,33581.49,30000.0,3581.49,0.0,0.0,0.0,Dec-2017,1870.27,Jul-2018,704.0,700.0,0.0,1.0,Individual,0.0,0.0,281182.0,124000.0,0.0,28118.0,50066.0,57.3,0.0,0.0,40.0,171.0,34.0,34.0,3.0,49.0,,0.0,6.0,6.0,7.0,7.0,1.0,9.0,10.0,6.0,11.0,0.0,0.0,0.0,0.0,100.0,14.3,0.0,0.0,356735.0,81757.0,123200.0,22447.0,N,Cash,N,0
medio,1118145,37701052,7000.0,7000.0,7000.0, 36 months,8.67,221.53,B,B1,Registered Nurse,1 year,MORTGAGE,55000.0,Not Verified,Dec-2014,Fully Paid,n,https://lendingclub.com/browse/loanDetail.action?loan_id=37701052,debt_consolidation,Debt consolidation,390xx,MS,18.2,0.0,Jun-2005,700.0,704.0,0.0,7.0,0.0,9958.0,39.1,35.0,f,0.0,0.0,7293.03,7293.03,7000.0,293.03,0.0,0.0,0.0,Oct-2015,1718.75,Mar-2019,769.0,765.0,0.0,1.0,Individual,0.0,353.0,199763.0,25500.0,6.0,28538.0,3851.0,24.5,0.0,0.0,109.0,114.0,9.0,9.0,1.0,19.0,9.0,0.0,1.0,4.0,1.0,2.0,25.0,4.0,9.0,4.0,7.0,0.0,0.0,0.0,4.0,100.0,0.0,0.0,0.0,220166.0,39491.0,5100.0,30713.0,N,Cash,N,0
medio,1118146,37760594,6400.0,6400.0,6400.0, 36 months,13.66,217.69,C,C3,application analyst,4 years,RENT,50000.0,Source Verified,Dec-2014,Fully Paid,n,https://lendingclub.com/browse/loanDetail.action?loan_id=37760594,debt_consolidation,Debt consolidation,227xx,VA,29.57,0.0,Jan-1994,720.0,724.0,0.0,9.0,0.0,14288.0,96.5,15.0,f,0.0,0.0,6694.23,6694.23,6399.99,294.24,0.0,0.0,0.0,Aug-2015,87.46,Oct-2015,579.0,575.0,0.0,1.0,Individual,0.0,0.0,47006.0,14800.0,4.0,5223.0,570.0,95.7,0.0,0.0,34.0,251.0,6.0,6.0,1.0,6.0,18.0,0.0,4.0,5.0,4.0,8.0,4.0,5.0,10.0,5.0,9.0,0.0,0.0,0.0,2.0,100.0,100.0,0.0,0.0,59027.0,39358.0,13200.0,33000.0,N,Cash,N,0
medio,1118147,36281244,25000.0,25000.0,25000.0, 60 months,14.31,585.74,C,C4,RN,1 year,RENT,67500.0,Source Verified,Dec-2014,Fully Paid,n,https://lendingclub.com/browse/loanDetail.action?loan_id=36281244,debt_consolidation,Debt consolidation,111xx,NY,16.11,0.0,Nov-1998,710.0,714.0,0.0,5.0,0.0,24482.0,96.4,20.0,w,0.0,0.0,33979.466124035,33979.47,25000.0,8979.47,0.0,0.0,0.0,Jun-2018,78.75,Jul-2018,764.0,760.0,0.0,1.0,Individual,0.0,0.0,37644.0,25400.0,0.0,9411.0,918.0,96.4,0.0,0.0,30.0,193.0,40.0,30.0,0.0,40.0,,0.0,3.0,3.0,4.0,15.0,1.0,4.0,19.0,3.0,5.0,0.0,0.0,0.0,0.0,100.0,100.0,0.0,0.0,50304.0,37644.0,25400.0,24904.0,N,Cash,N,0
medio,1118148,37741069,19200.0,19200.0,19200.0, 36 months,9.49,614.95,B,B2,Server Engineer,2 years,MORTGAGE,98000.0,Source Verified,Dec-2014,Fully Paid,n,https://lendingclub.com/browse/loanDetail.action?loan_id=37741069,credit_card,Credit card refinancing,605xx,IL,17.72,0.0,Oct-1992,680.0,684.0,0.0,9.0,0.0,31309.0,95.2,28.0,f,0.0,0.0,22135.405899337,22135.41,19200.0,2935.41,0.0,0.0,0.0,Jan-2018,616.59,Mar-2019,689.0,685.0,0.0,1.0,Individual,0.0,0.0,234177.0,32900.0,1.0,26020.0,0.0,100.2,0.0,0.0,131.0,266.0,127.0,19.0,7.0,141.0,19.0,2.0,4.0,7.0,4.0,9.0,5.0,7.0,16.0,7.0,9.0,0.0,0.0,0.0,0.0,92.9,100.0,0.0,0.0,251485.0,53963.0,25300.0,29115.0,N,Cash,N,0
medio,1118149,36808167,15000.0,15000.0,15000.0, 36 months,6.49,459.67,A,A2,SNR Technical Specialist,10+ years,MORTGAGE,110000.0,Not Verified,Dec-2014,Fully Paid,n,https://lendingclub.com/browse/loanDetail.action?loan_id=36808167,other,Other,633xx,MO,4.44,0.0,May-2001,720.0,724.0,0.0,10.0,0.0,14972.0,25.2,26.0,f,0.0,0.0,16542.5821015637,16542.58,15000.0,1542.58,0.0,0.0,0.0,Dec-2017,459.54,Dec-2017,794.0,790.0,0.0,1.0,Individual,0.0,0.0,336142.0,59300.0,3.0,37349.0,42859.0,23.7,0.0,0.0,122.0,163.0,14.0,5.0,7.0,14.0,6.0,0.0,4.0,5.0,7.0,7.0,3.0,9.0,16.0,6.0,10.0,0.0,0.0,0.0,2.0,100.0,14.3,0.0,0.0,382300.0,14972.0,56200.0,0.0,N,Cash,N,0
medio,1118150,37831080,8000.0,8000.0,8000.0, 36 months,11.44,263.58,B,B4,maintenance,10+ years,MORTGAGE,57000.0,Not Verified,Dec-2014,Fully Paid,n,https://lendingclub.com/browse/loanDetail.action?loan_id=37831080,debt_consolidation,Debt consolidation,846xx,UT,17.58,0.0,May-1991,700.0,704.0,0.0,9.0,0.0,26021.0,73.1,30.0,f,0.0,0.0,8751.81,8751.81,8000.0,751.81,0.0,0.0,0.0,Nov-2015,6126.18,Mar-2019,674.0,670.0,0.0,1.0,Individual,0.0,0.0,129655.0,35600.0,2.0,14406.0,3579.0,87.9,0.0,0.0,124.0,283.0,36.0,8.0,3.0,36.0,8.0,0.0,6.0,6.0,6.0,11.0,9.0,7.0,18.0,6.0,9.0,0.0,0.0,0.0,2.0,100.0,83.3,0.0,0.0,153029.0,37398.0,29600.0,12429.0,N,Cash,N,0
medio,1118151,36802429,3000.0,3000.0,3000.0, 36 months,13.66,102.04,C,C3,Peer Counselor,2 years,MORTGAGE,40000.0,Not Verified,Dec-2014,Fully Paid,n,https://lendingclub.com/browse/loanDetail.action?loan_id=36802429,credit_card,Credit card refinancing,570xx,SD,26.73,0.0,Oct-2002,670.0,674.0,0.0,7.0,3.0,1996.0,68.8,14.0,f,0.0,0.0,3405.19,3405.19,3000.0,405.19,0.0,0.0,0.0,Feb-2016,2080.95,Feb-2018,674.0,670.0,0.0,1.0,Individual,0.0,1628.0,243688.0,2900.0,7.0,34813.0,320.0,64.4,0.0,0.0,146.0,106.0,8.0,8.0,0.0,15.0,8.0,1.0,2.0,3.0,2.0,3.0,10.0,3.0,4.0,3.0,7.0,0.0,0.0,0.0,3.0,78.6,0.0,1.0,0.0,251777.0,243688.0,900.0,248877.0,N,Cash,N,0
medio,1118155,37801103,19950.0,19950.0,19950.0, 60 months,25.8,594.96,G,G1,chef,1 year,OWN,40000.0,Source Verified,Dec-2014,Fully Paid,n,https://lendingclub.com/browse/loanDetail.action?loan_id=37801103,credit_card,Credit card refinancing,606xx,IL,14.62,0.0,Mar-2006,680.0,684.0,2.0,13.0,0.0,21930.0,52.8,26.0,f,0.0,0.0,20506.29,20506.29,19950.0,556.29,0.0,0.0,0.0,Jan-2015,20534.89,Oct-2015,659.0,655.0,0.0,1.0,Individual,0.0,0.0,22038.0,41500.0,3.0,1837.0,19270.0,53.2,0.0,0.0,95.0,105.0,2.0,2.0,0.0,2.0,1.0,0.0,6.0,6.0,10.0,13.0,6.0,12.0,20.0,6.0,13.0,0.0,0.0,0.0,3.0,100.0,30.0,0.0,0.0,43228.0,22038.0,41200.0,1728.0,N,Cash,N,0
medio,1118156,36420923,20000.0,20000.0,20000.0, 36 months,13.66,680.26,C,C3,Jury Clerk,10+ years,OWN,61000.0,Verified,Dec-2014,Fully Paid,n,https://lendingclub.com/browse/loanDetail.action?loan_id=36420923,debt_consolidation,Debt consolidation,983xx,WA,11.21,0.0,Jul-2000,670.0,674.0,1.0,5.0,0.0,23748.0,87.3,6.0,f,0.0,0.0,24473.9390944236,24473.94,20000.0,4473.94,0.0,0.0,0.0,Dec-2017,680.02,Mar-2019,684.0,680.0,0.0,1.0,Individual,0.0,0.0,23748.0,27200.0,2.0,4750.0,3308.0,87.0,0.0,0.0,,173.0,5.0,5.0,0.0,5.0,5.0,0.0,4.0,5.0,4.0,5.0,0.0,5.0,6.0,5.0,5.0,0.0,0.0,0.0,1.0,100.0,75.0,0.0,0.0,27200.0,23748.0,25500.0,0.0,N,Cash,N,0
medio,1118157,37831032,15000.0,15000.0,15000.0, 36 months,6.03,456.54,A,A1,letter carrier,10+ years,MORTGAGE,72000.0,Not Verified,Dec-2014,Fully Paid,n,https://lendingclub.com/browse/loanDetail.action?loan_id=37831032,credit_card,Credit card refinancing,820xx,WY,21.25,0.0,Oct-2003,725.0,729.0,0.0,10.0,0.0,26539.0,47.2,27.0,w,0.0,0.0,15455.77,15455.77,15000.0,455.77,0.0,0.0,0.0,Jun-2015,13183.12,Jan-2017,789.0,785.0,0.0,1.0,Individual,0.0,0.0,226733.0,56200.0,4.0,22673.0,22055.0,27.0,0.0,0.0,124.0,134.0,14.0,5.0,3.0,14.0,,0.0,3.0,6.0,5.0,10.0,5.0,8.0,19.0,6.0,10.0,0.0,0.0,0.0,1.0,100.0,0.0,0.0,0.0,270000.0,42288.0,30200.0,17000.0,N,Cash,N,0
medio,1118158,37821124,2800.0,2800.0,2800.0, 36 months,12.39,93.53,C,C1,Systems Administrator,4 years,RENT,92000.0,Not Verified,Dec-2014,Charged Off,n,https://lendingclub.com/browse/loanDetail.action?loan_id=37821124,other,Other,071xx,NJ,24.12,0.0,Oct-1996,680.0,684.0,1.0,15.0,0.0,27263.0,53.2,30.0,f,0.0,0.0,1576.92,1576.92,967.98,339.51,0.0,269.43,48.4974,Feb-2016,93.53,Oct-2016,524.0,520.0,0.0,1.0,Individual,0.0,0.0,46488.0,51200.0,10.0,3099.0,1402.0,93.3,0.0,0.0,218.0,140.0,11.0,10.0,0.0,11.0,0.0,0.0,4.0,10.0,5.0,12.0,8.0,12.0,22.0,10.0,15.0,0.0,0.0,0.0,3.0,90.0,60.0,0.0,0.0,78200.0,46488.0,21000.0,27000.0,N,Cash,N,1
medio,1118159,37760422,14400.0,14400.0,14400.0, 60 months,10.49,309.45,B,B3,Detention Deputy,2 years,MORTGAGE,40000.0,Source Verified,Dec-2014,Fully Paid,n,https://lendingclub.com/browse/loanDetail.action?loan_id=37760422,credit_card,Credit card refinancing,554xx,MN,29.07,0.0,Sep-2006,690.0,694.0,1.0,9.0,0.0,8906.0,71.2,24.0,f,0.0,0.0,17857.2340549722,17857.23,14400.0,3457.23,0.0,0.0,0.0,Dec-2017,7034.87,Jul-2018,709.0,705.0,0.0,1.0,Individual,0.0,0.0,134494.0,12500.0,6.0,14944.0,950.0,89.1,0.0,0.0,99.0,85.0,9.0,9.0,2.0,42.0,5.0,0.0,1.0,4.0,1.0,1.0,16.0,5.0,6.0,4.0,9.0,0.0,0.0,0.0,3.0,100.0,100.0,0.0,0.0,148654.0,67749.0,8700.0,68699.0,N,Cash,N,0
medio,1118160,37821079,6850.0,6850.0,6850.0, 36 months,11.99,227.49,B,B5,Assistant manager,10+ years,MORTGAGE,36000.0,Not Verified,Dec-2014,Fully Paid,n,https://lendingclub.com/browse/loanDetail.action?loan_id=37821079,debt_consolidation,Debt consolidation,152xx,PA,27.44,1.0,Sep-2000,675.0,679.0,0.0,13.0,0.0,27226.0,85.6,27.0,f,0.0,0.0,8160.0283827049,8160.03,6850.0,1310.03,0.0,0.0,0.0,Jul-2017,1339.89,Aug-2017,754.0,750.0,0.0,1.0,Individual,0.0,0.0,183035.0,31800.0,1.0,16640.0,3274.0,89.3,0.0,0.0,171.0,161.0,19.0,19.0,3.0,19.0,9.0,0.0,6.0,6.0,6.0,11.0,6.0,10.0,18.0,6.0,13.0,0.0,0.0,0.0,0.0,85.2,100.0,0.0,0.0,209618.0,39844.0,30500.0,25818.0,N,Cash,N,0
medio,1118162,37277857,18000.0,18000.0,18000.0, 36 months,8.67,569.64,B,B1,General Manager,3 years,MORTGAGE,70000.0,Verified,Dec-2014,Fully Paid,n,https://lendingclub.com/browse/loanDetail.action?loan_id=37277857,debt_consolidation,Debt consolidation,342xx,FL,1.94,0.0,Dec-1999,665.0,669.0,3.0,9.0,1.0,2545.0,9.9,35.0,f,0.0,0.0,18749.35,18749.35,18000.0,749.35,0.0,0.0,0.0,Jun-2015,15909.82,Jul-2018,789.0,785.0,0.0,1.0,Individual,0.0,0.0,2545.0,25800.0,4.0,283.0,19255.0,10.4,0.0,0.0,130.0,180.0,6.0,6.0,2.0,6.0,1.0,2.0,2.0,3.0,7.0,20.0,4.0,9.0,27.0,3.0,9.0,0.0,0.0,0.0,1.0,93.5,0.0,1.0,0.0,25800.0,2545.0,21500.0,0.0,N,Cash,N,0
medio,1118163,36331703,4800.0,4800.0,4800.0, 36 months,14.99,166.38,C,C5,financial rep ,5 years,MORTGAGE,49000.0,Not Verified,Dec-2014,Fully Paid,n,https://lendingclub.com/browse/loanDetail.action?loan_id=36331703,debt_consolidation,Debt consolidation,852xx,AZ,21.84,0.0,Apr-1993,670.0,674.0,1.0,12.0,0.0,6634.0,39.0,17.0,f,0.0,0.0,5886.1717845295,5886.17,4800.0,1086.17,0.0,0.0,0.0,Feb-2017,1730.67,Sep-2017,679.0,675.0,0.0,1.0,Individual,0.0,1214.0,98809.0,17000.0,4.0,8234.0,69.0,97.8,0.0,0.0,130.0,260.0,2.0,2.0,1.0,8.0,2.0,0.0,3.0,7.0,3.0,4.0,5.0,8.0,11.0,7.0,12.0,0.0,0.0,0.0,2.0,100.0,100.0,0.0,0.0,125909.0,29654.0,3100.0,35268.0,N,Cash,N,0
medio,1118164,37671064,9600.0,9600.0,9600.0, 36 months,15.59,335.57,D,D1,Universal Associate,6 years,MORTGAGE,31000.0,Source Verified,Dec-2014,Fully Paid,n,https://lendingclub.com/browse/loanDetail.action?loan_id=37671064,debt_consolidation,Debt consolidation,433xx,OH,30.74,0.0,Jan-1991,690.0,694.0,0.0,10.0,1.0,2502.0,49.1,17.0,f,0.0,0.0,12062.5085851678,12062.51,9600.0,2462.51,0.0,0.0,0.0,Nov-2017,997.01,Mar-2019,709.0,705.0,0.0,1.0,Individual,0.0,0.0,20172.0,5100.0,3.0,2017.0,689.0,63.7,0.0,0.0,93.0,287.0,7.0,1.0,0.0,7.0,2.0,0.0,3.0,6.0,3.0,3.0,7.0,7.0,10.0,6.0,10.0,0.0,0.0,0.0,3.0,88.2,33.3,1.0,0.0,29375.0,20172.0,1900.0,24275.0,N,Cash,N,0
medio,1118165,37811114,34500.0,34500.0,34500.0, 36 months,11.44,1136.69,B,B4,Civil Engineer,< 1 year,OWN,73000.0,Verified,Dec-2014,Fully Paid,n,https://lendingclub.com/browse/loanDetail.action?loan_id=37811114,credit_card,Credit card refinancing,377xx,TN,18.9,0.0,Apr-1995,715.0,719.0,1.0,21.0,0.0,45619.0,57.3,41.0,f,0.0,0.0,40898.8244488376,40898.82,34500.0,6398.82,0.0,0.0,0.0,Dec-2017,1136.6,Mar-2019,699.0,695.0,0.0,1.0,Individual,0.0,0.0,147887.0,79600.0,5.0,7784.0,16724.0,69.5,0.0,0.0,137.0,236.0,3.0,3.0,3.0,20.0,3.0,0.0,6.0,7.0,8.0,14.0,7.0,20.0,31.0,7.0,21.0,0.0,0.0,0.0,1.0,100.0,50.0,0.0,0.0,249600.0,45619.0,54800.0,0.0,N,Cash,N,0
medio,1118166,37731060,5000.0,5000.0,5000.0, 36 months,7.49,155.51,A,A4,Medicare Sales Rep,3 years,RENT,70000.0,Source Verified,Dec-2014,Fully Paid,n,https://lendingclub.com/browse/loanDetail.action?loan_id=37731060,credit_card,Credit card refinancing,021xx,MA,8.52,0.0,Sep-1983,685.0,689.0,0.0,7.0,0.0,4970.0,59.2,13.0,w,0.0,0.0,5600.5989736128,5600.6,5000.0,600.6,0.0,0.0,0.0,Jan-2018,155.44,Jan-2019,709.0,705.0,0.0,1.0,Individual,0.0,0.0,23457.0,8400.0,3.0,3910.0,584.0,89.2,0.0,0.0,114.0,375.0,2.0,2.0,0.0,2.0,10.0,0.0,3.0,4.0,4.0,6.0,3.0,6.0,10.0,4.0,7.0,0.0,0.0,0.0,3.0,84.6,66.7,0.0,0.0,28699.0,23457.0,5400.0,20299.0,N,Cash,N,0
medio,1118167,37801079,20000.0,20000.0,20000.0, 60 months,17.86,506.35,D,D5,IT Specialist,10+ years,MORTGAGE,82000.0,Source Verified,Dec-2014,Fully Paid,n,https://lendingclub.com/browse/loanDetail.action?loan_id=37801079,debt_consolidation,Debt consolidation,302xx,GA,17.17,0.0,Jan-2006,735.0,739.0,0.0,12.0,0.0,21057.0,42.8,29.0,w,0.0,0.0,20679.24,20679.24,20000.0,679.24,0.0,0.0,0.0,Feb-2015,20192.73,Mar-2015,709.0,705.0,0.0,1.0,Individual,0.0,0.0,208562.0,49200.0,6.0,18960.0,28055.0,36.5,0.0,0.0,63.0,107.0,6.0,6.0,3.0,6.0,9.0,0.0,2.0,3.0,7.0,13.0,7.0,8.0,19.0,3.0,12.0,0.0,0.0,0.0,4.0,100.0,16.7,0.0,0.0,250075.0,58501.0,44200.0,43375.0,N,Cash,N,0
medio,1118168,37741094,6000.0,6000.0,6000.0, 36 months,6.99,185.24,A,A3,jailer/dispatch,1 year,MORTGAGE,30000.0,Not Verified,Dec-2014,Fully Paid,n,https://lendingclub.com/browse/loanDetail.action?loan_id=37741094,credit_card,Credit card refinancing,723xx,AR,22.32,0.0,Apr-1988,770.0,774.0,2.0,7.0,0.0,5619.0,27.8,13.0,w,0.0,0.0,6564.9400394987,6564.94,6000.0,564.94,0.0,0.0,0.0,Jun-2017,595.31,Jul-2017,829.0,825.0,0.0,1.0,Individual,0.0,0.0,45784.0,20200.0,6.0,6541.0,13681.0,29.1,0.0,0.0,57.0,320.0,3.0,3.0,4.0,3.0,3.0,0.0,3.0,3.0,4.0,6.0,2.0,5.0,7.0,3.0,7.0,0.0,0.0,0.0,4.0,100.0,0.0,0.0,0.0,72841.0,18434.0,19300.0,22829.0,N,Cash,N,0
medio,1118170,37661104,12000.0,12000.0,12000.0, 36 months,12.39,400.82,C,C1,PLANNER,4 years,RENT,95000.0,Not Verified,Dec-2014,Fully Paid,n,https://lendingclub.com/browse/loanDetail.action?loan_id=37661104,debt_consolidation,Debt consolidation,111xx,NY,18.19,0.0,Sep-2009,745.0,749.0,0.0,7.0,0.0,12655.0,18.6,17.0,f,0.0,0.0,14372.0667800099,14372.07,12000.0,2372.07,0.0,0.0,0.0,Jul-2017,2363.99,Mar-2019,799.0,795.0,0.0,1.0,Individual,0.0,0.0,34287.0,68100.0,3.0,4898.0,48991.0,17.8,0.0,0.0,5.0,63.0,13.0,4.0,0.0,30.0,14.0,0.0,3.0,5.0,3.0,13.0,2.0,5.0,15.0,5.0,7.0,0.0,0.0,0.0,2.0,100.0,0.0,0.0,0.0,104100.0,34287.0,59600.0,36000.0,N,Cash,N,0
medio,1118171,37781151,25000.0,25000.0,25000.0, 60 months,8.67,514.97,B,B1,Pilot,7 years,MORTGAGE,180000.0,Source Verified,Dec-2014,Fully Paid,n,https://lendingclub.com/browse/loanDetail.action?loan_id=37781151,credit_card,Credit card refinancing,750xx,TX,17.23,0.0,Dec-2002,725.0,729.0,0.0,12.0,0.0,33539.0,48.1,22.0,f,0.0,0.0,29436.464831611294,29436.46,25000.0,4436.46,0.0,0.0,0.0,Jul-2017,13999.4,Aug-2017,704.0,700.0,0.0,1.0,Individual,0.0,0.0,465248.0,69700.0,8.0,38771.0,24277.0,57.2,0.0,0.0,144.0,134.0,4.0,3.0,2.0,4.0,5.0,0.0,3.0,4.0,3.0,4.0,14.0,5.0,6.0,4.0,12.0,0.0,0.0,0.0,5.0,100.0,66.7,0.0,0.0,527668.0,137036.0,56700.0,127843.0,N,Cash,N,0
medio,1118172,37611111,20000.0,20000.0,20000.0, 36 months,6.03,608.72,A,A1,"Director, Capital Planning and Projects",< 1 year,MORTGAGE,100000.0,Source Verified,Dec-2014,Fully Paid,n,https://lendingclub.com/browse/loanDetail.action?loan_id=37611111,debt_consolidation,Debt consolidation,191xx,PA,10.21,0.0,Aug-1991,765.0,769.0,0.0,11.0,0.0,33541.0,40.0,37.0,w,0.0,0.0,21625.76,21625.76,20000.0,1625.76,0.0,0.0,0.0,Oct-2016,8849.34,Nov-2017,714.0,710.0,0.0,1.0,Individual,0.0,0.0,321887.0,83800.0,1.0,29262.0,50259.0,40.0,0.0,0.0,134.0,220.0,42.0,5.0,7.0,42.0,6.0,0.0,4.0,4.0,6.0,9.0,11.0,6.0,18.0,4.0,11.0,0.0,0.0,0.0,1.0,100.0,0.0,0.0,0.0,398617.0,53826.0,83800.0,40412.0,N,Cash,N,0
medio,1118173,37810946,11200.0,11200.0,11200.0, 36 months,11.44,369.02,B,B4,School Librarian,10+ years,MORTGAGE,60000.0,Not Verified,Dec-2014,Fully Paid,n,https://lendingclub.com/browse/loanDetail.action?loan_id=37810946,home_improvement,Home improvement,765xx,TX,27.4,0.0,Jul-1993,720.0,724.0,0.0,15.0,0.0,54254.0,73.9,23.0,f,0.0,0.0,13277.2478743342,13277.25,11200.0,2077.25,0.0,0.0,0.0,Dec-2017,368.67,Dec-2017,729.0,725.0,0.0,1.0,Individual,0.0,0.0,123421.0,73400.0,1.0,8228.0,16485.0,76.7,0.0,0.0,102.0,257.0,7.0,7.0,1.0,7.0,17.0,0.0,6.0,7.0,9.0,10.0,5.0,11.0,17.0,7.0,15.0,0.0,0.0,0.0,1.0,100.0,44.4,0.0,0.0,177633.0,71283.0,70700.0,16000.0,N,Cash,N,0
medio,1118175,37247799,19000.0,19000.0,19000.0, 36 months,8.19,597.06,A,A5,electrician,3 years,MORTGAGE,65000.0,Not Verified,Dec-2014,Fully Paid,n,https://lendingclub.com/browse/loanDetail.action?loan_id=37247799,credit_card,Credit card refinancing,184xx,PA,28.49,0.0,Mar-2002,715.0,719.0,0.0,10.0,0.0,49770.0,84.6,26.0,f,0.0,0.0,19656.81,19656.81,19000.0,656.81,0.0,0.0,0.0,May-2015,17277.21,Mar-2019,784.0,780.0,0.0,1.0,Individual,0.0,0.0,284041.0,58800.0,0.0,28404.0,7530.0,86.9,0.0,0.0,122.0,153.0,57.0,27.0,5.0,57.0,3.0,0.0,3.0,3.0,5.0,13.0,4.0,6.0,17.0,3.0,10.0,0.0,0.0,0.0,0.0,100.0,60.0,0.0,0.0,337012.0,56276.0,57300.0,35712.0,N,Cash,N,0
medio,1118176,37660443,20000.0,20000.0,20000.0, 60 months,14.31,468.59,C,C4,Branch Manager,< 1 year,RENT,90000.0,Source Verified,Dec-2014,Fully Paid,n,https://lendingclub.com/browse/loanDetail.action?loan_id=37660443,debt_consolidation,Debt consolidation,900xx,CA,31.69,0.0,Jul-1985,690.0,694.0,0.0,18.0,0.0,32781.0,87.0,50.0,w,0.0,0.0,23027.75,23027.75,20000.0,3027.75,0.0,0.0,0.0,Jan-2016,17420.57,Jun-2018,674.0,670.0,0.0,1.0,Individual,0.0,0.0,63042.0,37700.0,6.0,3708.0,2773.0,91.4,0.0,0.0,227.0,353.0,23.0,2.0,2.0,57.0,18.0,0.0,6.0,9.0,6.0,17.0,14.0,10.0,31.0,9.0,18.0,0.0,0.0,0.0,2.0,100.0,83.3,0.0,0.0,86991.0,63042.0,32100.0,39844.0,N,Cash,N,0
medio,1118177,37650965,15000.0,15000.0,15000.0, 36 months,6.03,456.54,A,A1,Product manager,1 year,MORTGAGE,110000.0,Not Verified,Dec-2014,Fully Paid,n,https://lendingclub.com/browse/loanDetail.action?loan_id=37650965,credit_card,Credit card refinancing,951xx,CA,10.91,0.0,Apr-2005,770.0,774.0,0.0,9.0,0.0,11281.0,22.1,20.0,f,0.0,0.0,16430.143946410702,16430.14,15000.0,1430.14,0.0,0.0,0.0,Dec-2017,456.26,Jul-2018,754.0,750.0,0.0,1.0,Individual,0.0,0.0,545040.0,51100.0,4.0,60560.0,37079.0,21.3,0.0,0.0,113.0,116.0,11.0,11.0,4.0,89.0,19.0,0.0,2.0,3.0,5.0,8.0,6.0,6.0,10.0,3.0,9.0,0.0,0.0,0.0,2.0,100.0,0.0,0.0,0.0,613298.0,29009.0,47100.0,27748.0,N,Cash,N,0
medio,1118178,37691001,12825.0,12825.0,12825.0, 60 months,9.49,269.29,B,B2,Senior Scrap Buyer,1 year,MORTGAGE,100000.0,Verified,Dec-2014,Charged Off,n,https://lendingclub.com/browse/loanDetail.action?loan_id=37691001,debt_consolidation,Debt consolidation,125xx,NY,7.62,3.0,Jul-1996,690.0,694.0,0.0,17.0,0.0,24925.0,24.5,40.0,f,0.0,0.0,3624.01,3624.01,2077.35,1316.66,30.0,200.0,36.0000000006,May-2016,22.87,Nov-2017,544.0,540.0,0.0,1.0,Individual,0.0,0.0,103730.0,101900.0,1.0,6483.0,73647.0,25.1,0.0,0.0,174.0,221.0,23.0,23.0,5.0,23.0,,0.0,8.0,9.0,14.0,24.0,2.0,16.0,31.0,9.0,17.0,0.0,0.0,0.0,0.0,90.0,23.1,0.0,0.0,185900.0,24925.0,98300.0,0.0,N,Cash,N,1
medio,1118179,37751033,6000.0,6000.0,6000.0, 36 months,11.99,199.26,B,B5,Warehouse associate ,3 years,OWN,30000.0,Source Verified,Dec-2014,Fully Paid,n,https://lendingclub.com/browse/loanDetail.action?loan_id=37751033,debt_consolidation,Debt consolidation,291xx,SC,35.2,0.0,Nov-1994,700.0,704.0,0.0,11.0,0.0,6971.0,58.6,16.0,f,0.0,0.0,7169.2395303548,7169.24,6000.0,1169.24,0.0,0.0,0.0,Dec-2017,199.14,Mar-2018,689.0,685.0,0.0,1.0,Individual,0.0,0.0,33101.0,11900.0,5.0,3310.0,3839.0,57.3,0.0,0.0,140.0,241.0,7.0,7.0,0.0,7.0,7.0,1.0,3.0,7.0,4.0,5.0,4.0,9.0,12.0,7.0,11.0,0.0,0.0,0.0,3.0,93.3,50.0,0.0,0.0,49150.0,33101.0,9000.0,37250.0,N,Cash,N,0
medio,1118180,37831009,11975.0,11975.0,11975.0, 36 months,22.99,463.49,F,F1,Manager ,2 years,RENT,45000.0,Source Verified,Dec-2014,Fully Paid,n,https://lendingclub.com/browse/loanDetail.action?loan_id=37831009,house,Home buying,950xx,CA,15.68,0.0,Oct-2007,675.0,679.0,1.0,19.0,1.0,6895.0,43.9,23.0,f,0.0,0.0,12286.61,12286.61,11975.0,311.61,0.0,0.0,0.0,Jan-2015,12301.9,Jan-2016,694.0,690.0,0.0,1.0,Individual,0.0,1054.0,47912.0,15700.0,6.0,2522.0,7175.0,35.4,0.0,0.0,86.0,34.0,2.0,2.0,0.0,2.0,4.0,0.0,3.0,5.0,5.0,5.0,15.0,8.0,8.0,5.0,19.0,0.0,0.0,0.0,3.0,100.0,20.0,0.0,0.0,52200.0,47912.0,11100.0,36500.0,N,Cash,N,0
medio,1118181,37601083,25000.0,25000.0,25000.0, 60 months,11.44,549.07,B,B4,Director of Merchandising,3 years,MORTGAGE,112200.0,Source Verified,Dec-2014,Fully Paid,n,https://lendingclub.com/browse/loanDetail.action?loan_id=37601083,credit_card,Credit card refinancing,190xx,PA,31.31,0.0,Nov-1999,710.0,714.0,0.0,9.0,0.0,55998.0,88.5,16.0,w,0.0,0.0,30062.2250161442,30062.23,25000.0,5062.23,0.0,0.0,0.0,Jan-2017,16889.32,Oct-2017,744.0,740.0,0.0,1.0,Individual,0.0,0.0,341054.0,63300.0,2.0,37895.0,7301.0,86.9,0.0,0.0,136.0,181.0,38.0,12.0,2.0,38.0,1.0,0.0,3.0,4.0,4.0,6.0,5.0,5.0,8.0,4.0,9.0,0.0,0.0,0.0,1.0,100.0,75.0,0.0,0.0,385644.0,105239.0,55800.0,23719.0,N,Cash,N,0
medio,1118182,37670988,5000.0,5000.0,5000.0, 36 months,8.19,157.13,A,A5,wfm analyst,10+ years,OWN,40000.0,Not Verified,Dec-2014,Fully Paid,n,https://lendingclub.com/browse/loanDetail.action?loan_id=37670988,other,Other,282xx,NC,13.41,0.0,Mar-1989,710.0,714.0,0.0,9.0,0.0,1868.0,24.9,17.0,f,0.0,0.0,5654.0118100926,5654.01,5000.0,654.01,0.0,0.0,0.0,Dec-2017,156.74,Dec-2017,749.0,745.0,0.0,1.0,Individual,0.0,272.0,123182.0,7500.0,0.0,13687.0,2944.0,34.6,0.0,0.0,208.0,86.0,33.0,33.0,2.0,83.0,1.0,1.0,2.0,4.0,2.0,2.0,10.0,4.0,4.0,4.0,9.0,0.0,0.0,0.0,0.0,88.2,50.0,0.0,0.0,156428.0,7615.0,4500.0,22089.0,N,Cash,N,0
medio,1118183,37137338,11875.0,11875.0,11825.0, 36 months,17.86,428.48,D,D5,Shelter Coordinator,3 years,RENT,33000.0,Not Verified,Dec-2014,Fully Paid,n,https://lendingclub.com/browse/loanDetail.action?loan_id=37137338,debt_consolidation,Debt consolidation,199xx,DE,18.33,0.0,Sep-2006,665.0,669.0,1.0,11.0,0.0,16702.0,74.9,20.0,f,0.0,0.0,15487.436339631002,15422.23,11875.0,3569.6,42.8400001152,0.0,0.0,Jan-2018,451.01,Jan-2018,544.0,540.0,0.0,1.0,Individual,0.0,0.0,45264.0,22300.0,3.0,4115.0,740.0,95.7,0.0,0.0,65.0,99.0,6.0,3.0,0.0,6.0,6.0,0.0,5.0,7.0,5.0,10.0,5.0,8.0,15.0,7.0,11.0,0.0,0.0,0.0,2.0,100.0,80.0,0.0,0.0,53120.0,45264.0,17200.0,30820.0,N,Cash,N,0
medio,1118184,37691032,35000.0,35000.0,35000.0, 36 months,12.39,1169.04,C,C1,"Senior Manager, Partnership Development",< 1 year,RENT,110000.0,Verified,Dec-2014,Fully Paid,n,https://lendingclub.com/browse/loanDetail.action?loan_id=37691032,credit_card,Credit card refinancing,101xx,NY,11.68,0.0,Apr-1985,715.0,719.0,0.0,8.0,0.0,11312.0,28.4,10.0,f,0.0,0.0,42060.9654749642,42060.97,35000.0,7060.97,0.0,0.0,0.0,Dec-2017,1168.66,Mar-2019,719.0,715.0,0.0,1.0,Individual,0.0,0.0,33427.0,39900.0,2.0,4775.0,26507.0,24.5,0.0,0.0,,350.0,10.0,10.0,0.0,23.0,23.0,1.0,2.0,3.0,4.0,4.0,0.0,6.0,7.0,3.0,8.0,0.0,0.0,0.0,1.0,100.0,50.0,0.0,0.0,126939.0,33427.0,35100.0,0.0,N,Cash,N,0
medio,1118185,37770985,28000.0,28000.0,28000.0, 36 months,6.99,864.44,A,A3,Teacher,< 1 year,RENT,75000.0,Verified,Dec-2014,Fully Paid,n,https://lendingclub.com/browse/loanDetail.action?loan_id=37770985,credit_card,Credit card refinancing,100xx,NY,24.99,0.0,Jul-1995,685.0,689.0,1.0,7.0,0.0,53775.0,99.0,28.0,f,0.0,0.0,31043.165120489302,31043.17,28000.0,3043.17,0.0,0.0,0.0,Jul-2017,5120.84,Mar-2019,719.0,715.0,0.0,1.0,Individual,0.0,0.0,55122.0,54300.0,0.0,9187.0,525.0,99.0,0.0,0.0,150.0,233.0,54.0,54.0,1.0,92.0,4.0,0.0,5.0,5.0,5.0,10.0,11.0,6.0,16.0,5.0,7.0,0.0,0.0,0.0,0.0,100.0,100.0,0.0,0.0,61800.0,55122.0,54300.0,7500.0,N,Cash,N,0
medio,1118186,37710999,21000.0,21000.0,21000.0, 36 months,10.49,682.46,B,B3,CEO,4 years,RENT,79000.0,Verified,Dec-2014,Fully Paid,n,https://lendingclub.com/browse/loanDetail.action?loan_id=37710999,debt_consolidation,Debt consolidation,112xx,NY,16.38,0.0,Oct-2003,680.0,684.0,0.0,13.0,0.0,29370.0,86.6,26.0,f,0.0,0.0,24579.4833774867,24579.48,21000.0,3579.48,0.0,0.0,0.0,Jan-2018,682.14,Mar-2019,724.0,720.0,0.0,1.0,Individual,0.0,0.0,39437.0,33900.0,2.0,3286.0,3927.0,88.1,0.0,0.0,134.0,113.0,7.0,7.0,0.0,7.0,12.0,1.0,5.0,6.0,7.0,10.0,14.0,8.0,11.0,6.0,13.0,0.0,0.0,0.0,2.0,95.7,66.7,0.0,0.0,59600.0,39437.0,32900.0,25700.0,N,Cash,N,0
medio,1118187,37711076,10000.0,10000.0,10000.0, 36 months,6.99,308.73,A,A3,Landman,6 years,MORTGAGE,58500.0,Not Verified,Dec-2014,Charged Off,n,https://lendingclub.com/browse/loanDetail.action?loan_id=37711076,home_improvement,Home improvement,253xx,WV,25.6,0.0,Sep-2003,710.0,714.0,0.0,22.0,0.0,9806.0,29.9,37.0,w,0.0,0.0,5553.26,5553.26,4738.96,814.3,0.0,0.0,0.0,Jun-2016,308.73,Mar-2019,629.0,625.0,0.0,1.0,Individual,0.0,0.0,90586.0,32800.0,3.0,4118.0,22994.0,29.9,0.0,0.0,135.0,110.0,19.0,4.0,0.0,19.0,4.0,10.0,3.0,3.0,9.0,13.0,24.0,9.0,13.0,3.0,22.0,0.0,0.0,0.0,2.0,70.3,11.1,0.0,0.0,110225.0,90586.0,32800.0,77425.0,N,Cash,N,1
medio,1118188,37641002,25000.0,25000.0,25000.0, 60 months,20.99,676.2,E,E4,correctional officer,10+ years,RENT,95000.0,Verified,Dec-2014,Fully Paid,n,https://lendingclub.com/browse/loanDetail.action?loan_id=37641002,debt_consolidation,Debt consolidation,029xx,RI,24.43,2.0,Dec-1998,675.0,679.0,0.0,17.0,0.0,29741.0,61.6,37.0,w,0.0,0.0,37238.8610130788,37238.86,25000.0,12238.86,0.0,0.0,0.0,Nov-2017,14306.37,Mar-2019,704.0,700.0,0.0,1.0,Individual,0.0,0.0,78566.0,52100.0,4.0,4910.0,6366.0,59.9,0.0,0.0,160.0,192.0,4.0,4.0,5.0,4.0,15.0,4.0,1.0,6.0,5.0,8.0,9.0,13.0,22.0,6.0,17.0,0.0,0.0,2.0,3.0,91.4,25.0,0.0,0.0,107381.0,78566.0,10200.0,52311.0,N,Cash,N,0
medio,1118189,37650891,2500.0,2500.0,2500.0, 36 months,15.99,87.89,D,D2,Administrative Clerk,3 years,RENT,35000.0,Verified,Dec-2014,Fully Paid,n,https://lendingclub.com/browse/loanDetail.action?loan_id=37650891,small_business,Business,104xx,NY,5.25,6.0,Nov-2005,670.0,674.0,1.0,9.0,1.0,2248.0,36.9,19.0,f,0.0,0.0,3152.6729010032,3152.67,2500.0,652.67,0.0,0.0,0.0,Aug-2017,513.08,Aug-2017,639.0,635.0,0.0,1.0,Individual,0.0,0.0,22918.0,6100.0,10.0,2546.0,358.0,67.5,0.0,0.0,109.0,24.0,12.0,12.0,0.0,23.0,5.0,6.0,1.0,5.0,1.0,1.0,12.0,7.0,7.0,5.0,9.0,0.0,0.0,6.0,2.0,63.2,0.0,1.0,0.0,26981.0,22918.0,1100.0,20881.0,N,Cash,N,0
medio,1118190,37781090,15000.0,15000.0,15000.0, 36 months,8.19,471.37,A,A5,Teacher,8 years,MORTGAGE,58000.0,Not Verified,Dec-2014,Fully Paid,n,https://lendingclub.com/browse/loanDetail.action?loan_id=37781090,credit_card,Credit card refinancing,775xx,TX,21.31,0.0,Nov-2001,725.0,729.0,0.0,14.0,0.0,13198.0,43.6,36.0,f,0.0,0.0,16968.2085555659,16968.21,15000.0,1968.21,0.0,0.0,0.0,Jan-2018,5.71,Mar-2019,684.0,680.0,0.0,1.0,Individual,0.0,0.0,126310.0,30300.0,0.0,10526.0,5081.0,68.6,0.0,0.0,148.0,157.0,25.0,25.0,1.0,39.0,2.0,0.0,4.0,9.0,5.0,9.0,11.0,12.0,24.0,9.0,14.0,0.0,0.0,0.0,0.0,100.0,75.0,0.0,0.0,170413.0,16404.0,16200.0,17113.0,N,Cash,N,0
medio,1118191,36870220,4250.0,4250.0,4250.0, 36 months,17.14,151.83,D,D4,Pharmacy tech,7 years,RENT,31000.0,Not Verified,Dec-2014,Fully Paid,n,https://lendingclub.com/browse/loanDetail.action?loan_id=36870220,debt_consolidation,Debt consolidation,741xx,OK,24.43,0.0,Oct-2006,660.0,664.0,0.0,13.0,0.0,1578.0,46.4,16.0,f,0.0,0.0,5480.0786999129,5480.08,4250.0,1215.08,15.0000000024,0.0,0.0,Jan-2018,3.25,Mar-2018,599.0,595.0,0.0,1.0,Individual,0.0,2073.0,42796.0,3400.0,9.0,3292.0,1144.0,56.0,0.0,0.0,98.0,66.0,5.0,5.0,0.0,5.0,15.0,0.0,5.0,6.0,5.0,5.0,9.0,7.0,7.0,6.0,13.0,0.0,0.0,0.0,4.0,100.0,40.0,0.0,0.0,51013.0,42796.0,2600.0,47613.0,N,Cash,N,0
medio,1118192,21159716,35000.0,35000.0,34950.0, 36 months,15.99,1230.33,D,D2,Registered nurse,1 year,MORTGAGE,96000.0,Verified,Dec-2014,Fully Paid,n,https://lendingclub.com/browse/loanDetail.action?loan_id=21159716,debt_consolidation,Debt consolidation,750xx,TX,16.73,0.0,Aug-2003,680.0,684.0,0.0,15.0,0.0,46719.0,67.8,36.0,f,0.0,0.0,40477.52,40419.69,35000.0,5477.52,0.0,0.0,0.0,Jan-2016,25744.65,Dec-2018,684.0,680.0,0.0,1.0,Individual,0.0,0.0,255311.0,68900.0,5.0,17021.0,9984.0,80.1,0.0,0.0,109.0,136.0,8.0,8.0,2.0,32.0,8.0,0.0,5.0,7.0,7.0,10.0,6.0,13.0,28.0,7.0,15.0,0.0,0.0,0.0,1.0,97.2,57.1,0.0,0.0,309836.0,49618.0,50100.0,15702.0,N,Cash,N,0
medio,1118193,37840947,10800.0,10800.0,10800.0, 60 months,13.66,249.4,C,C3,Account Manager,10+ years,MORTGAGE,80000.0,Verified,Dec-2014,Fully Paid,n,https://lendingclub.com/browse/loanDetail.action?loan_id=37840947,credit_card,Credit card refinancing,319xx,GA,12.84,0.0,Jul-2003,705.0,709.0,0.0,12.0,0.0,8521.0,77.5,16.0,f,0.0,0.0,11364.63,11364.63,10800.0,564.63,0.0,0.0,0.0,May-2015,10624.63,Mar-2019,764.0,760.0,0.0,1.0,Individual,0.0,0.0,199524.0,11000.0,13.0,16627.0,2065.0,79.3,0.0,0.0,128.0,137.0,12.0,12.0,1.0,12.0,12.0,0.0,8.0,9.0,8.0,8.0,5.0,9.0,10.0,9.0,12.0,0.0,0.0,0.0,8.0,100.0,62.5,0.0,0.0,211665.0,37585.0,10000.0,33774.0,N,Cash,N,0
medio,1118194,37720210,22000.0,22000.0,22000.0, 36 months,14.31,755.23,C,C4,Sourcing Specialist,7 years,MORTGAGE,72000.0,Source Verified,Dec-2014,Fully Paid,n,https://lendingclub.com/browse/loanDetail.action?loan_id=37720210,debt_consolidation,Debt consolidation,925xx,CA,36.34,0.0,Feb-1972,690.0,694.0,2.0,12.0,0.0,55558.0,85.7,26.0,f,0.0,0.0,27045.637266036603,27045.64,22000.0,5045.64,0.0,0.0,0.0,Oct-2017,590.54,Oct-2017,709.0,705.0,0.0,1.0,Individual,0.0,0.0,113326.0,64800.0,4.0,9444.0,990.0,97.7,0.0,0.0,195.0,514.0,2.0,2.0,2.0,9.0,2.0,0.0,3.0,7.0,3.0,5.0,15.0,7.0,9.0,7.0,12.0,0.0,0.0,0.0,4.0,100.0,100.0,0.0,0.0,136714.0,113326.0,43500.0,71914.0,N,Cash,N,0
medio,1118196,37671042,20000.0,20000.0,20000.0, 60 months,12.39,448.85,C,C1,Supervisor,7 years,MORTGAGE,50000.0,Source Verified,Dec-2014,Fully Paid,n,https://lendingclub.com/browse/loanDetail.action?loan_id=37671042,debt_consolidation,Debt consolidation,800xx,CO,12.18,0.0,Mar-2007,775.0,779.0,1.0,18.0,0.0,9554.0,11.9,28.0,w,0.0,0.0,20921.46,20921.46,20000.0,921.46,0.0,0.0,0.0,Apr-2015,19588.68,Feb-2016,709.0,705.0,0.0,1.0,Individual,0.0,0.0,16099.0,80600.0,7.0,894.0,62146.0,13.3,0.0,0.0,89.0,93.0,14.0,14.0,0.0,14.0,0.0,0.0,4.0,4.0,12.0,15.0,7.0,17.0,21.0,4.0,18.0,0.0,0.0,0.0,0.0,100.0,0.0,0.0,0.0,92357.0,16099.0,71700.0,11757.0,N,Cash,N,0
medio,1118197,37771022,5000.0,5000.0,5000.0, 36 months,10.49,162.49,B,B3,Pilot-First officer,< 1 year,OWN,25000.0,Source Verified,Dec-2014,Fully Paid,n,https://lendingclub.com/browse/loanDetail.action?loan_id=37771022,debt_consolidation,Debt consolidation,604xx,IL,19.35,0.0,Dec-2010,765.0,769.0,1.0,5.0,0.0,1292.0,8.3,6.0,f,0.0,0.0,5118.16,5118.16,5000.0,118.16,0.0,0.0,0.0,Feb-2015,4958.58,Mar-2015,759.0,755.0,0.0,1.0,Individual,0.0,0.0,10637.0,15500.0,2.0,2127.0,9264.0,2.5,0.0,0.0,35.0,48.0,5.0,5.0,0.0,10.0,5.0,0.0,1.0,2.0,3.0,3.0,2.0,4.0,4.0,2.0,5.0,0.0,0.0,0.0,2.0,100.0,0.0,0.0,0.0,33794.0,10637.0,9500.0,18294.0,N,Cash,N,0
medio,1118198,37691014,4000.0,4000.0,4000.0, 36 months,12.39,133.61,C,C1,Secretary,2 years,RENT,22000.0,Not Verified,Dec-2014,Fully Paid,n,https://lendingclub.com/browse/loanDetail.action?loan_id=37691014,debt_consolidation,Debt consolidation,656xx,MO,21.82,0.0,Oct-2009,710.0,714.0,0.0,11.0,0.0,1325.0,57.6,15.0,f,0.0,0.0,4605.8600000011,4605.86,4000.0,605.86,0.0,0.0,0.0,Sep-2016,1224.41,Oct-2016,724.0,720.0,0.0,1.0,Individual,0.0,0.0,33777.0,2300.0,3.0,3071.0,175.0,88.3,0.0,0.0,62.0,33.0,6.0,6.0,0.0,6.0,21.0,0.0,1.0,1.0,1.0,1.0,11.0,2.0,4.0,1.0,11.0,0.0,0.0,0.0,1.0,100.0,100.0,0.0,0.0,35960.0,33777.0,1500.0,33660.0,N,Cash,N,0
medio,1118200,37610982,8000.0,8000.0,8000.0, 36 months,14.99,277.29,C,C5,Project Analyst,1 year,RENT,40000.0,Not Verified,Dec-2014,Fully Paid,n,https://lendingclub.com/browse/loanDetail.action?loan_id=37610982,debt_consolidation,Debt consolidation,372xx,TN,26.78,0.0,Sep-2007,685.0,689.0,1.0,8.0,0.0,10533.0,33.7,14.0,f,0.0,0.0,9808.4918082652,9808.49,8000.0,1808.49,0.0,0.0,0.0,Feb-2017,2897.7,Jun-2018,644.0,640.0,0.0,1.0,Individual,0.0,0.0,43641.0,31300.0,7.0,5455.0,8891.0,48.6,0.0,0.0,87.0,44.0,4.0,4.0,0.0,4.0,4.0,1.0,3.0,5.0,4.0,4.0,7.0,7.0,7.0,5.0,7.0,0.0,0.0,0.0,4.0,92.9,25.0,0.0,0.0,64960.0,43641.0,17300.0,33660.0,N,Cash,N,0
medio,1118201,37661008,12725.0,12725.0,12725.0, 36 months,6.03,387.3,A,A1,Applications Developer,10+ years,MORTGAGE,72000.0,Not Verified,Dec-2014,Fully Paid,n,https://lendingclub.com/browse/loanDetail.action?loan_id=37661008,debt_consolidation,Debt consolidation,180xx,PA,17.38,0.0,Oct-1997,750.0,754.0,0.0,8.0,0.0,39997.0,71.0,20.0,w,0.0,0.0,13560.87,13560.87,12725.0,835.87,0.0,0.0,0.0,Apr-2016,7759.9,Jan-2018,729.0,725.0,0.0,1.0,Individual,0.0,0.0,245711.0,84100.0,4.0,30714.0,40603.0,51.4,0.0,0.0,152.0,206.0,21.0,15.0,5.0,92.0,15.0,0.0,3.0,4.0,4.0,7.0,4.0,5.0,11.0,4.0,8.0,0.0,0.0,0.0,0.0,100.0,25.0,0.0,0.0,313075.0,46380.0,59100.0,12725.0,N,Cash,N,0
medio,1118202,37267711,7000.0,7000.0,7000.0, 36 months,12.99,235.83,C,C2,nursing assistant,1 year,RENT,32000.0,Not Verified,Dec-2014,Fully Paid,n,https://lendingclub.com/browse/loanDetail.action?loan_id=37267711,debt_consolidation,Debt consolidation,296xx,SC,18.57,0.0,Apr-2008,670.0,674.0,1.0,25.0,0.0,4326.0,40.4,29.0,f,0.0,0.0,8484.5653539467,8484.57,7000.0,1484.57,0.0,0.0,0.0,Dec-2017,235.57,Dec-2017,639.0,635.0,0.0,1.0,Individual,0.0,0.0,72777.0,10700.0,3.0,2911.0,358.0,84.4,0.0,0.0,75.0,80.0,5.0,5.0,0.0,5.0,5.0,0.0,2.0,6.0,2.0,3.0,21.0,7.0,8.0,6.0,25.0,0.0,0.0,0.0,2.0,100.0,50.0,0.0,0.0,76058.0,72777.0,2300.0,65358.0,N,Cash,N,0
medio,1118203,36330783,12800.0,12800.0,12800.0, 60 months,17.86,324.07,D,D5,Lead Document Imaging Specialist,< 1 year,RENT,32000.0,Source Verified,Dec-2014,Charged Off,n,https://lendingclub.com/browse/loanDetail.action?loan_id=36330783,debt_consolidation,Debt consolidation,072xx,NJ,14.59,0.0,Oct-2000,680.0,684.0,0.0,5.0,0.0,17554.0,84.0,12.0,w,0.0,0.0,14894.52,14894.52,8732.31,6162.21,0.0,0.0,0.0,Oct-2018,324.07,Mar-2019,514.0,510.0,0.0,1.0,Individual,0.0,0.0,17554.0,20900.0,1.0,3511.0,3262.0,81.8,0.0,0.0,168.0,170.0,13.0,13.0,0.0,13.0,,0.0,4.0,5.0,4.0,7.0,3.0,5.0,9.0,5.0,5.0,0.0,0.0,0.0,0.0,100.0,75.0,0.0,0.0,20900.0,17554.0,17900.0,0.0,N,Cash,N,1
medio,1118204,37650942,4800.0,4800.0,4800.0, 36 months,15.99,168.74,D,D2,Manager,10+ years,RENT,40000.0,Not Verified,Dec-2014,Fully Paid,n,https://lendingclub.com/browse/loanDetail.action?loan_id=37650942,debt_consolidation,Debt consolidation,145xx,NY,10.32,0.0,Mar-2005,700.0,704.0,1.0,6.0,0.0,5600.0,48.3,12.0,f,0.0,0.0,5264.63,5264.63,4800.0,464.63,0.0,0.0,0.0,Nov-2015,81.49,Mar-2019,739.0,735.0,0.0,1.0,Individual,0.0,0.0,11588.0,11600.0,3.0,1931.0,4400.0,56.0,0.0,0.0,117.0,101.0,17.0,6.0,0.0,17.0,1.0,0.0,3.0,3.0,3.0,4.0,4.0,4.0,8.0,3.0,6.0,0.0,0.0,0.0,2.0,100.0,66.7,0.0,0.0,18648.0,11588.0,10000.0,7048.0,N,Cash,N,0
medio,1118205,37830972,20000.0,20000.0,19975.0, 36 months,6.03,608.72,A,A1,Account Executive,3 years,RENT,300000.0,Source Verified,Dec-2014,Fully Paid,n,https://lendingclub.com/browse/loanDetail.action?loan_id=37830972,credit_card,Credit card refinancing,949xx,CA,8.25,0.0,Nov-1996,740.0,744.0,0.0,6.0,0.0,34457.0,69.9,11.0,f,0.0,0.0,21902.7985730167,21875.42,20000.0,1902.8,0.0,0.0,0.0,Oct-2017,1821.74,Mar-2019,764.0,760.0,0.0,1.0,Individual,0.0,0.0,58180.0,49300.0,0.0,11636.0,14843.0,69.9,0.0,0.0,104.0,217.0,115.0,57.0,1.0,125.0,,0.0,3.0,3.0,3.0,6.0,2.0,4.0,7.0,3.0,6.0,0.0,0.0,0.0,0.0,100.0,33.3,0.0,0.0,124253.0,58180.0,49300.0,37313.0,N,Cash,N,0
medio,1118206,37760914,4800.0,4800.0,4800.0, 36 months,6.49,147.1,A,A2,Warehousing,9 years,OWN,82000.0,Not Verified,Dec-2014,Fully Paid,n,https://lendingclub.com/browse/loanDetail.action?loan_id=37760914,credit_card,Credit card refinancing,297xx,SC,5.59,0.0,Aug-2006,715.0,719.0,1.0,23.0,1.0,2499.0,17.6,39.0,f,0.0,0.0,5293.6071675588,5293.61,4800.0,493.61,0.0,0.0,0.0,Jan-2018,146.84,Jan-2018,734.0,730.0,0.0,1.0,Individual,0.0,590.0,248794.0,14200.0,3.0,10817.0,8201.0,23.4,0.0,0.0,95.0,100.0,2.0,2.0,2.0,2.0,2.0,2.0,1.0,1.0,3.0,6.0,27.0,5.0,10.0,1.0,23.0,0.0,0.0,0.0,2.0,94.9,0.0,1.0,0.0,263883.0,109134.0,10700.0,105069.0,N,Cash,N,0
medio,1118207,37690968,35000.0,35000.0,35000.0, 36 months,13.66,1190.45,C,C3,Mortgage Back Security Trading Analyst,6 years,MORTGAGE,86578.0,Verified,Dec-2014,Fully Paid,n,https://lendingclub.com/browse/loanDetail.action?loan_id=37690968,credit_card,Credit card refinancing,104xx,NY,4.16,0.0,Nov-2005,670.0,674.0,0.0,5.0,0.0,14877.0,65.5,8.0,f,0.0,0.0,42850.278675813104,42850.28,35000.0,7850.28,0.0,0.0,0.0,Dec-2017,1190.26,Mar-2019,769.0,765.0,0.0,1.0,Individual,0.0,0.0,181387.0,22700.0,5.0,36277.0,4234.0,77.4,0.0,0.0,,109.0,6.0,6.0,1.0,6.0,21.0,0.0,3.0,4.0,3.0,3.0,0.0,4.0,7.0,4.0,5.0,0.0,0.0,0.0,2.0,100.0,33.3,0.0,0.0,193700.0,14877.0,18700.0,0.0,N,Cash,N,0
medio,1118208,37801082,20000.0,20000.0,20000.0, 36 months,9.49,640.57,B,B2,CEO,4 years,RENT,210000.0,Source Verified,Dec-2014,Fully Paid,n,https://lendingclub.com/browse/loanDetail.action?loan_id=37801082,debt_consolidation,Debt consolidation,920xx,CA,4.21,0.0,Apr-2002,680.0,684.0,0.0,16.0,0.0,30344.0,37.2,21.0,f,0.0,0.0,22575.280000029503,22575.28,20000.0,2575.28,0.0,0.0,0.0,Oct-2016,9133.85,Oct-2018,729.0,725.0,0.0,1.0,Individual,0.0,882.0,30344.0,80800.0,4.0,1897.0,40781.0,41.7,0.0,0.0,106.0,152.0,1.0,1.0,0.0,1.0,10.0,0.0,11.0,12.0,12.0,14.0,2.0,16.0,19.0,12.0,16.0,0.0,0.0,0.0,3.0,100.0,16.7,0.0,0.0,80800.0,30344.0,70400.0,0.0,N,Cash,N,0
medio,1118209,37601073,12000.0,12000.0,12000.0, 36 months,10.49,389.98,B,B3,Teacher,6 years,OWN,44000.0,Not Verified,Dec-2014,Fully Paid,n,https://lendingclub.com/browse/loanDetail.action?loan_id=37601073,debt_consolidation,Debt consolidation,290xx,SC,33.06,0.0,Dec-1990,690.0,694.0,0.0,14.0,0.0,12615.0,55.6,35.0,f,0.0,0.0,14024.9844295201,14024.98,12000.0,2024.98,0.0,0.0,0.0,Dec-2017,389.67,Mar-2019,819.0,815.0,0.0,1.0,Individual,0.0,0.0,131851.0,22700.0,3.0,9418.0,4775.0,60.9,0.0,0.0,124.0,288.0,18.0,11.0,3.0,18.0,,2.0,2.0,4.0,4.0,14.0,9.0,6.0,23.0,4.0,14.0,0.0,0.0,0.0,1.0,82.9,50.0,0.0,0.0,160673.0,49752.0,12200.0,47973.0,N,Cash,N,0
medio,1118210,36797388,3400.0,3400.0,3400.0, 36 months,14.31,116.72,C,C4,facility manager,10+ years,MORTGAGE,48000.0,Source Verified,Dec-2014,Fully Paid,n,https://lendingclub.com/browse/loanDetail.action?loan_id=36797388,home_improvement,Home improvement,435xx,OH,20.8,2.0,Jan-1995,675.0,679.0,0.0,5.0,0.0,31848.0,81.7,11.0,f,0.0,0.0,4199.0644824775,4199.06,3400.0,799.06,0.0,0.0,0.0,Dec-2017,116.56,Mar-2019,729.0,725.0,0.0,1.0,Individual,0.0,0.0,44866.0,39000.0,1.0,8973.0,160.0,96.8,0.0,0.0,3.0,239.0,30.0,3.0,0.0,96.0,3.0,0.0,1.0,3.0,1.0,4.0,1.0,4.0,10.0,4.0,4.0,0.0,0.0,0.0,1.0,81.8,100.0,0.0,0.0,52584.0,44866.0,5000.0,13584.0,N,Cash,N,0
medio,1118211,37770986,10000.0,10000.0,10000.0, 36 months,6.49,306.45,A,A2,Driver,10+ years,MORTGAGE,80000.0,Not Verified,Dec-2014,Fully Paid,n,https://lendingclub.com/browse/loanDetail.action?loan_id=37770986,debt_consolidation,Debt consolidation,971xx,OR,9.87,0.0,Jan-2005,700.0,704.0,1.0,6.0,0.0,9432.0,57.9,8.0,w,0.0,0.0,11028.372646425,11028.37,10000.0,1028.37,0.0,0.0,0.0,Dec-2017,306.23,Mar-2019,804.0,800.0,0.0,1.0,Individual,0.0,0.0,24912.0,16300.0,1.0,4982.0,6868.0,57.9,0.0,0.0,61.0,119.0,3.0,3.0,0.0,3.0,3.0,0.0,3.0,3.0,4.0,4.0,2.0,5.0,6.0,3.0,6.0,0.0,0.0,0.0,1.0,100.0,25.0,0.0,0.0,42340.0,24912.0,16300.0,26040.0,N,Cash,N,0
medio,1118212,37670959,30000.0,30000.0,30000.0, 36 months,12.39,1002.03,C,C1,General Surgeon,< 1 year,RENT,247000.0,Verified,Dec-2014,Fully Paid,n,https://lendingclub.com/browse/loanDetail.action?loan_id=37670959,debt_consolidation,Debt consolidation,191xx,PA,8.22,0.0,Mar-1999,690.0,694.0,0.0,6.0,0.0,23006.0,85.8,13.0,f,0.0,0.0,34918.3400033137,34918.34,30000.0,4918.34,0.0,0.0,0.0,Sep-2016,14898.39,Oct-2016,714.0,710.0,0.0,1.0,Individual,0.0,0.0,278496.0,26800.0,2.0,46416.0,3794.0,85.8,0.0,0.0,164.0,189.0,26.0,1.0,0.0,26.0,1.0,0.0,2.0,2.0,3.0,5.0,6.0,3.0,7.0,2.0,6.0,0.0,0.0,0.0,1.0,92.3,66.7,0.0,0.0,295078.0,278496.0,26800.0,268278.0,N,Cash,N,0
medio,1118213,37741005,15000.0,15000.0,15000.0, 36 months,8.19,471.37,A,A5,Direct Support Professional,10+ years,MORTGAGE,40000.0,Not Verified,Dec-2014,Charged Off,n,https://lendingclub.com/browse/loanDetail.action?loan_id=37741005,credit_card,Credit card refinancing,640xx,MO,11.64,0.0,Apr-1998,740.0,744.0,0.0,11.0,0.0,12793.0,30.0,33.0,w,0.0,0.0,11015.08,11015.08,8726.98,1650.06,0.0,638.04,114.8472,Nov-2016,471.37,Apr-2017,579.0,575.0,0.0,1.0,Individual,0.0,0.0,162225.0,42700.0,6.0,16223.0,18616.0,34.0,0.0,0.0,200.0,192.0,1.0,1.0,2.0,3.0,0.0,0.0,4.0,7.0,4.0,13.0,4.0,9.0,27.0,7.0,11.0,0.0,0.0,0.0,3.0,100.0,25.0,0.0,0.0,206891.0,19143.0,28200.0,16322.0,N,Cash,N,1
medio,1118214,37811012,24000.0,24000.0,24000.0, 36 months,14.99,831.86,C,C5,Specialist,< 1 year,MORTGAGE,60000.0,Verified,Dec-2014,Fully Paid,n,https://lendingclub.com/browse/loanDetail.action?loan_id=37811012,debt_consolidation,Debt consolidation,326xx,FL,23.41,0.0,Jan-2000,665.0,669.0,1.0,14.0,0.0,26135.0,84.9,48.0,f,0.0,0.0,25129.68,25129.68,24000.0,1129.68,0.0,0.0,0.0,Mar-2015,23485.95,Aug-2018,674.0,670.0,0.0,1.0,Individual,0.0,0.0,338577.0,30800.0,10.0,24184.0,3676.0,84.3,0.0,0.0,134.0,179.0,10.0,5.0,1.0,10.0,4.0,1.0,7.0,8.0,8.0,19.0,20.0,10.0,27.0,8.0,14.0,0.0,0.0,0.0,3.0,95.7,75.0,0.0,0.0,348511.0,123544.0,23400.0,95711.0,N,Cash,N,0
medio,1118215,37621063,10000.0,10000.0,10000.0, 36 months,14.31,343.29,C,C4,Contract Analyst,8 years,RENT,63204.0,Source Verified,Dec-2014,Fully Paid,n,https://lendingclub.com/browse/loanDetail.action?loan_id=37621063,other,Other,923xx,CA,11.92,0.0,Feb-2000,660.0,664.0,1.0,6.0,0.0,4358.0,88.9,15.0,f,0.0,0.0,11621.2800000132,11621.28,10000.0,1621.28,0.0,0.0,0.0,Apr-2016,6479.88,Mar-2019,499.0,0.0,0.0,1.0,Individual,0.0,0.0,21276.0,4900.0,7.0,3546.0,365.0,82.6,0.0,0.0,102.0,178.0,4.0,4.0,0.0,4.0,4.0,2.0,3.0,4.0,3.0,5.0,8.0,4.0,7.0,4.0,6.0,0.0,0.0,0.0,2.0,78.6,66.7,0.0,0.0,27357.0,21276.0,2100.0,22457.0,N,Cash,N,0
medio,1118216,37257267,20000.0,20000.0,20000.0, 36 months,6.99,617.46,A,A3,police corporal,10+ years,MORTGAGE,95000.0,Source Verified,Dec-2014,Fully Paid,n,https://lendingclub.com/browse/loanDetail.action?loan_id=37257267,credit_card,Credit card refinancing,191xx,PA,12.95,1.0,May-1996,700.0,704.0,0.0,15.0,0.0,38472.0,64.8,46.0,f,0.0,0.0,22220.4106521346,22220.41,20000.0,2220.41,0.0,0.0,0.0,Dec-2017,617.08,Mar-2019,779.0,775.0,0.0,1.0,Individual,0.0,0.0,393358.0,59400.0,2.0,26224.0,11718.0,60.0,0.0,0.0,129.0,223.0,12.0,12.0,6.0,12.0,12.0,0.0,4.0,8.0,5.0,13.0,19.0,10.0,21.0,8.0,15.0,0.0,0.0,0.0,1.0,95.6,20.0,0.0,0.0,453658.0,46453.0,29300.0,18458.0,N,Cash,N,0
medio,1118217,37781093,10000.0,10000.0,10000.0, 36 months,8.67,316.47,B,B1,vp of sales,7 years,MORTGAGE,300000.0,Source Verified,Dec-2014,Fully Paid,n,https://lendingclub.com/browse/loanDetail.action?loan_id=37781093,home_improvement,Home improvement,335xx,FL,6.64,0.0,Mar-2003,660.0,664.0,0.0,8.0,1.0,2197.0,13.8,23.0,f,0.0,0.0,10858.38,10858.38,10000.0,858.38,0.0,0.0,0.0,Feb-2016,6749.09,Oct-2017,674.0,670.0,0.0,1.0,Individual,0.0,2566.0,98376.0,15900.0,6.0,12297.0,9127.0,7.8,0.0,0.0,101.0,141.0,12.0,3.0,2.0,12.0,3.0,2.0,2.0,4.0,4.0,8.0,6.0,6.0,13.0,4.0,8.0,0.0,0.0,0.0,4.0,88.2,0.0,1.0,0.0,115432.0,98376.0,9900.0,99532.0,N,Cash,N,0
medio,1118218,34994756,12000.0,12000.0,12000.0, 60 months,14.99,285.42,C,C5,ELECTRIC,5 years,RENT,40000.0,Verified,Dec-2014,Fully Paid,n,https://lendingclub.com/browse/loanDetail.action?loan_id=34994756,credit_card,Credit card refinancing,112xx,NY,33.51,0.0,Apr-2009,705.0,709.0,0.0,7.0,0.0,7019.0,59.0,13.0,w,0.0,0.0,16153.8954493438,16153.9,12000.0,4153.9,0.0,0.0,0.0,Feb-2018,2966.35,Mar-2018,784.0,780.0,0.0,1.0,Individual,0.0,0.0,26840.0,11900.0,3.0,3834.0,871.0,77.1,0.0,0.0,56.0,68.0,24.0,8.0,0.0,45.0,8.0,0.0,2.0,4.0,2.0,4.0,4.0,4.0,8.0,4.0,7.0,0.0,0.0,0.0,1.0,100.0,50.0,0.0,0.0,41932.0,26840.0,3800.0,30007.0,N,Cash,N,0
medio,1118219,37821015,6000.0,6000.0,6000.0, 36 months,15.99,210.92,D,D2,Remote Support Engineer,3 years,MORTGAGE,45000.0,Verified,Dec-2014,Fully Paid,n,https://lendingclub.com/browse/loanDetail.action?loan_id=37821015,small_business,Business,925xx,CA,0.91,0.0,Aug-2005,695.0,699.0,0.0,3.0,0.0,1104.0,78.9,20.0,f,0.0,0.0,6723.02,6723.02,6000.0,723.02,0.0,0.0,0.0,Oct-2015,4830.07,Jun-2017,689.0,685.0,1.0,1.0,Individual,0.0,73.0,179662.0,1400.0,4.0,89831.0,296.0,78.9,0.0,0.0,29.0,112.0,30.0,4.0,3.0,43.0,2.0,0.0,1.0,1.0,1.0,6.0,5.0,2.0,12.0,1.0,3.0,0.0,0.0,0.0,3.0,100.0,100.0,0.0,0.0,180400.0,1104.0,1400.0,0.0,N,Cash,N,0
medio,1118221,37760780,4850.0,4850.0,4850.0, 36 months,22.99,187.72,F,F1,Administrative Assistant/ Sales ,< 1 year,MORTGAGE,48000.0,Not Verified,Dec-2014,Charged Off,n,https://lendingclub.com/browse/loanDetail.action?loan_id=37760780,debt_consolidation,Debt consolidation,276xx,NC,20.95,4.0,Sep-1997,665.0,669.0,0.0,9.0,0.0,1227.0,51.1,31.0,f,0.0,0.0,4572.65,4572.65,2699.56,1611.81,30.0,231.28,41.6303999995,Dec-2016,390.44,Jun-2017,559.0,555.0,0.0,1.0,Individual,0.0,295.0,209351.0,2400.0,3.0,23261.0,242.0,19.3,0.0,0.0,207.0,80.0,17.0,2.0,2.0,48.0,17.0,1.0,1.0,3.0,1.0,2.0,21.0,5.0,8.0,3.0,9.0,0.0,0.0,1.0,1.0,82.8,0.0,0.0,0.0,196668.0,73173.0,300.0,56485.0,N,Cash,N,1
medio,1118222,37730934,18000.0,18000.0,18000.0, 36 months,6.99,555.71,A,A3,"Manager, ITIL Service Operations",2 years,MORTGAGE,140000.0,Not Verified,Dec-2014,Fully Paid,n,https://lendingclub.com/browse/loanDetail.action?loan_id=37730934,credit_card,Credit card refinancing,275xx,NC,7.04,0.0,Jun-2000,740.0,744.0,1.0,12.0,1.0,13584.0,27.4,23.0,f,0.0,0.0,19510.0205810759,19510.02,18000.0,1510.02,0.0,0.0,0.0,May-2017,3.51,Mar-2019,769.0,765.0,0.0,1.0,Individual,0.0,0.0,150171.0,49600.0,4.0,12514.0,17070.0,43.3,0.0,0.0,151.0,148.0,4.0,4.0,6.0,14.0,4.0,0.0,5.0,8.0,5.0,6.0,3.0,10.0,14.0,8.0,12.0,0.0,0.0,0.0,1.0,100.0,20.0,1.0,0.0,249305.0,25589.0,30100.0,27705.0,N,Cash,N,0
medio,1118223,37810997,6625.0,6625.0,6625.0, 36 months,17.86,239.05,D,D5,Flight Attendant,< 1 year,RENT,16000.0,Source Verified,Dec-2014,Fully Paid,n,https://lendingclub.com/browse/loanDetail.action?loan_id=37810997,debt_consolidation,Debt consolidation,100xx,NY,33.08,0.0,Jun-2010,690.0,694.0,0.0,7.0,0.0,8425.0,51.4,8.0,f,0.0,0.0,8595.571851466999,8595.57,6625.0,1970.57,0.0,0.0,0.0,Nov-2017,711.14,Feb-2019,649.0,645.0,0.0,1.0,Individual,0.0,0.0,15968.0,16400.0,2.0,2281.0,7975.0,51.4,0.0,0.0,54.0,48.0,21.0,17.0,0.0,21.0,17.0,0.0,3.0,3.0,5.0,6.0,2.0,5.0,6.0,3.0,7.0,0.0,0.0,0.0,0.0,100.0,40.0,0.0,0.0,25900.0,15968.0,16400.0,9500.0,N,Cash,N,0
medio,1118224,37721033,17600.0,17600.0,17600.0, 60 months,19.24,458.89,E,E2,Certified professional coder,7 years,MORTGAGE,55000.0,Source Verified,Dec-2014,Charged Off,n,https://lendingclub.com/browse/loanDetail.action?loan_id=37721033,debt_consolidation,Debt consolidation,431xx,OH,22.87,1.0,Jun-1987,700.0,704.0,0.0,15.0,0.0,17732.0,41.3,31.0,f,0.0,0.0,8029.44,8029.44,1694.05,2864.45,0.0,3470.94,624.7692,Dec-2015,458.89,Oct-2016,604.0,600.0,0.0,1.0,Individual,0.0,0.0,80285.0,42900.0,7.0,5735.0,17270.0,50.4,0.0,0.0,177.0,208.0,2.0,2.0,3.0,2.0,8.0,0.0,4.0,5.0,7.0,10.0,10.0,12.0,18.0,5.0,15.0,0.0,0.0,0.0,4.0,93.3,14.3,0.0,0.0,115492.0,39747.0,34800.0,28207.0,N,Cash,N,1
medio,1118226,37701004,25000.0,25000.0,25000.0, 36 months,8.19,785.61,A,A5,Hardware Asset Analyst,< 1 year,RENT,75000.0,Source Verified,Dec-2014,Fully Paid,n,https://lendingclub.com/browse/loanDetail.action?loan_id=37701004,credit_card,Credit card refinancing,981xx,WA,25.98,0.0,Mar-2000,720.0,724.0,2.0,19.0,0.0,36337.0,50.8,39.0,f,0.0,0.0,28270.2651267359,28270.27,25000.0,3270.27,0.0,0.0,0.0,Dec-2017,785.3,Mar-2019,779.0,775.0,0.0,1.0,Individual,0.0,0.0,157867.0,71500.0,7.0,8309.0,35163.0,50.8,0.0,0.0,165.0,177.0,3.0,3.0,2.0,3.0,0.0,0.0,6.0,6.0,9.0,16.0,19.0,9.0,17.0,6.0,19.0,0.0,0.0,0.0,2.0,100.0,22.2,0.0,0.0,215658.0,78477.0,71500.0,62580.0,N,Cash,N,0
medio,1118227,37610977,1000.0,1000.0,1000.0, 36 months,15.59,34.96,D,D1,,,OWN,16000.0,Source Verified,Dec-2014,Fully Paid,n,https://lendingclub.com/browse/loanDetail.action?loan_id=37610977,home_improvement,Home improvement,383xx,TN,28.36,0.0,Dec-2003,705.0,709.0,1.0,10.0,0.0,5997.0,42.8,12.0,f,0.0,0.0,1257.4601017423,1257.46,1000.0,257.46,0.0,0.0,0.0,Dec-2017,34.73,Dec-2018,714.0,710.0,0.0,1.0,Individual,0.0,0.0,6553.0,14000.0,3.0,728.0,1230.0,76.3,0.0,0.0,108.0,132.0,4.0,4.0,0.0,4.0,4.0,0.0,3.0,7.0,3.0,4.0,2.0,9.0,10.0,7.0,10.0,0.0,0.0,0.0,1.0,100.0,66.7,0.0,0.0,17100.0,6553.0,5200.0,3100.0,N,Cash,N,0
medio,1118228,37661014,28000.0,28000.0,28000.0, 36 months,7.49,870.85,A,A4,Health System Analyst,10+ years,RENT,86000.0,Source Verified,Dec-2014,Fully Paid,n,https://lendingclub.com/browse/loanDetail.action?loan_id=37661014,credit_card,Credit card refinancing,910xx,CA,14.15,0.0,Aug-1984,715.0,719.0,0.0,11.0,0.0,44938.0,15.5,22.0,f,0.0,0.0,31338.7697476869,31338.77,28000.0,3338.77,0.0,0.0,0.0,Dec-2017,870.67,Dec-2017,719.0,715.0,0.0,1.0,Individual,0.0,0.0,44938.0,111500.0,2.0,4494.0,64518.0,15.2,0.0,0.0,196.0,364.0,15.0,15.0,0.0,15.0,15.0,0.0,3.0,4.0,8.0,12.0,6.0,11.0,16.0,4.0,11.0,0.0,0.0,0.0,0.0,100.0,25.0,0.0,0.0,111500.0,44938.0,108800.0,0.0,N,Cash,N,0
medio,1118229,37650527,25000.0,25000.0,25000.0, 36 months,6.99,771.82,A,A3,Architect,1 year,MORTGAGE,160000.0,Source Verified,Dec-2014,Fully Paid,n,https://lendingclub.com/browse/loanDetail.action?loan_id=37650527,debt_consolidation,Debt consolidation,926xx,CA,9.37,0.0,Sep-1999,700.0,704.0,0.0,11.0,0.0,19184.0,41.8,26.0,f,0.0,0.0,25932.32,25932.32,25000.0,932.32,0.0,0.0,0.0,Jul-2015,21311.11,Sep-2017,724.0,720.0,0.0,1.0,Individual,0.0,0.0,35784.0,45900.0,7.0,3253.0,23016.0,45.5,0.0,0.0,183.0,122.0,3.0,3.0,1.0,3.0,2.0,0.0,5.0,5.0,7.0,13.0,10.0,8.0,15.0,5.0,11.0,0.0,0.0,0.0,4.0,92.3,14.3,0.0,0.0,73007.0,35784.0,42200.0,27107.0,N,Cash,N,0
medio,1118231,37661052,12300.0,12300.0,12300.0, 36 months,6.49,376.93,A,A2,office manager,< 1 year,OWN,54000.0,Source Verified,Dec-2014,Fully Paid,n,https://lendingclub.com/browse/loanDetail.action?loan_id=37661052,debt_consolidation,Debt consolidation,217xx,MD,18.8,0.0,Jan-2001,730.0,734.0,0.0,11.0,0.0,9839.0,32.5,27.0,w,0.0,0.0,13463.7669901995,13463.77,12300.0,1163.77,0.0,0.0,0.0,Feb-2017,4044.95,Mar-2019,719.0,715.0,0.0,1.0,Individual,0.0,0.0,25531.0,30300.0,4.0,2553.0,16461.0,37.4,0.0,0.0,149.0,167.0,11.0,11.0,0.0,11.0,12.0,0.0,3.0,3.0,7.0,13.0,4.0,9.0,23.0,3.0,11.0,0.0,0.0,0.0,2.0,100.0,33.3,0.0,0.0,61875.0,25531.0,26300.0,31575.0,N,Cash,N,0
medio,1118232,37811016,4200.0,4200.0,4200.0, 36 months,11.44,138.38,B,B4,Electronics Technician,4 years,OWN,30500.0,Verified,Dec-2014,Charged Off,n,https://lendingclub.com/browse/loanDetail.action?loan_id=37811016,debt_consolidation,Debt consolidation,801xx,CO,29.36,0.0,Aug-2002,660.0,664.0,1.0,18.0,0.0,13509.0,40.4,31.0,f,0.0,0.0,2847.37,2847.37,2155.54,609.39,0.0,82.44,14.8391999983,Aug-2016,138.38,Jul-2018,539.0,535.0,0.0,1.0,Individual,0.0,0.0,26461.0,33400.0,7.0,1470.0,10306.0,56.1,0.0,0.0,148.0,73.0,8.0,8.0,0.0,8.0,4.0,0.0,7.0,8.0,8.0,11.0,12.0,14.0,19.0,8.0,18.0,0.0,0.0,0.0,7.0,100.0,37.5,0.0,0.0,50233.0,26461.0,23500.0,16833.0,N,Cash,N,1
medio,1118233,37711058,19200.0,19200.0,19200.0, 36 months,11.99,637.63,B,B5,registered nurse,10+ years,MORTGAGE,100000.0,Not Verified,Dec-2014,Fully Paid,n,https://lendingclub.com/browse/loanDetail.action?loan_id=37711058,credit_card,Credit card refinancing,967xx,HI,12.76,1.0,Nov-1993,690.0,694.0,0.0,12.0,0.0,24947.0,85.1,34.0,w,0.0,0.0,20214.59,20214.59,19200.0,1014.59,0.0,0.0,0.0,Jun-2015,3039.23,Feb-2017,689.0,685.0,0.0,1.0,Individual,0.0,0.0,283484.0,29300.0,3.0,28348.0,2731.0,89.9,0.0,0.0,153.0,253.0,1.0,1.0,3.0,24.0,,0.0,5.0,6.0,6.0,15.0,7.0,9.0,23.0,6.0,12.0,0.0,0.0,0.0,2.0,97.0,100.0,0.0,0.0,343288.0,90611.0,27100.0,68588.0,N,Cash,N,0
medio,1118234,37670991,4000.0,4000.0,4000.0, 36 months,13.66,136.06,C,C3,Environmental Supervisor,10+ years,MORTGAGE,60000.0,Verified,Dec-2014,Fully Paid,n,https://lendingclub.com/browse/loanDetail.action?loan_id=37670991,home_improvement,Home improvement,342xx,FL,24.46,0.0,Nov-1995,670.0,674.0,1.0,14.0,0.0,22249.0,95.1,52.0,f,0.0,0.0,4655.5900000032,4655.59,4000.0,655.59,0.0,0.0,0.0,Jul-2016,2345.61,Mar-2019,724.0,720.0,0.0,1.0,Individual,0.0,0.0,201697.0,23400.0,9.0,14407.0,301.0,97.0,0.0,0.0,136.0,229.0,12.0,3.0,4.0,13.0,3.0,0.0,6.0,9.0,6.0,13.0,26.0,9.0,22.0,9.0,14.0,0.0,0.0,0.0,5.0,100.0,100.0,0.0,0.0,208371.0,40988.0,10000.0,22570.0,N,Cash,N,0
medio,1118235,37770971,12000.0,12000.0,12000.0, 36 months,12.39,400.82,C,C1,professor,10+ years,MORTGAGE,78000.0,Not Verified,Dec-2014,Fully Paid,n,https://lendingclub.com/browse/loanDetail.action?loan_id=37770971,major_purchase,Major purchase,498xx,MI,12.72,0.0,Jun-1988,685.0,689.0,3.0,11.0,0.0,62351.0,86.8,24.0,f,0.0,0.0,14332.1835848665,14332.18,12000.0,2332.18,0.0,0.0,0.0,May-2017,3117.48,Apr-2018,669.0,665.0,0.0,1.0,Individual,0.0,0.0,226254.0,71800.0,1.0,20569.0,2962.0,93.1,0.0,0.0,212.0,318.0,4.0,4.0,2.0,4.0,1.0,0.0,5.0,8.0,5.0,8.0,6.0,9.0,15.0,8.0,11.0,0.0,0.0,0.0,1.0,100.0,80.0,0.0,0.0,250359.0,63679.0,43100.0,0.0,N,Cash,N,0
medio,1118236,37601144,8000.0,8000.0,8000.0, 36 months,15.59,279.64,D,D1,Freight Team,6 years,OWN,40000.0,Not Verified,Dec-2014,Charged Off,n,https://lendingclub.com/browse/loanDetail.action?loan_id=37601144,moving,Moving and relocation,104xx,NY,10.23,0.0,Apr-2007,660.0,664.0,0.0,5.0,0.0,6559.0,76.3,15.0,f,0.0,0.0,6192.85,6192.85,2678.63,1229.4,0.0,2284.82,411.2676,Mar-2016,279.64,Aug-2018,569.0,565.0,0.0,1.0,Individual,0.0,0.0,7835.0,8600.0,2.0,1567.0,0.0,101.7,0.0,0.0,91.0,92.0,4.0,4.0,0.0,4.0,12.0,0.0,3.0,4.0,3.0,6.0,4.0,4.0,11.0,4.0,5.0,0.0,0.0,0.0,1.0,100.0,100.0,0.0,0.0,13175.0,7835.0,6100.0,4575.0,N,Cash,Y,1
medio,1118238,37800985,13800.0,13800.0,13800.0, 36 months,12.39,460.94,C,C1,Assistant Cage Shift Manager,3 years,RENT,57500.0,Not Verified,Dec-2014,Fully Paid,n,https://lendingclub.com/browse/loanDetail.action?loan_id=37800985,debt_consolidation,Debt consolidation,891xx,NV,37.74,0.0,Aug-2001,700.0,704.0,1.0,11.0,0.0,14254.0,55.0,23.0,f,0.0,0.0,16105.120000376,16105.12,13800.0,2305.12,0.0,0.0,0.0,Oct-2016,4434.88,Nov-2016,749.0,745.0,0.0,1.0,Individual,0.0,0.0,85149.0,25900.0,6.0,7741.0,7660.0,61.7,0.0,0.0,160.0,118.0,1.0,1.0,0.0,19.0,6.0,0.0,4.0,7.0,4.0,9.0,9.0,8.0,14.0,7.0,11.0,0.0,0.0,0.0,2.0,100.0,50.0,0.0,0.0,117612.0,85149.0,20000.0,91712.0,N,Cash,N,0
medio,1118239,37661000,10500.0,10500.0,10450.0, 36 months,15.59,367.03,D,D1,Owner-Operator,< 1 year,RENT,45000.0,Source Verified,Dec-2014,Charged Off,n,https://lendingclub.com/browse/loanDetail.action?loan_id=37661000,debt_consolidation,Debt consolidation,600xx,IL,38.69,1.0,Apr-1995,700.0,704.0,2.0,12.0,0.0,20856.0,56.4,19.0,f,0.0,0.0,5249.23,5224.23,2704.81,1323.43,18.35,1202.64,216.4752000062,Nov-2015,752.41,Oct-2016,619.0,615.0,0.0,1.0,Individual,0.0,0.0,104685.0,36971.0,3.0,8724.0,4501.0,80.8,0.0,0.0,124.0,236.0,4.0,4.0,0.0,4.0,3.0,0.0,3.0,5.0,4.0,7.0,7.0,8.0,12.0,5.0,12.0,0.0,0.0,0.0,3.0,84.2,50.0,0.0,0.0,137552.0,104685.0,23400.0,100581.0,N,Cash,N,1
medio,1118240,37077733,15600.0,15600.0,15600.0, 36 months,8.19,490.22,A,A5,Audit and Compliance Officer,1 year,MORTGAGE,110000.0,Not Verified,Dec-2014,Fully Paid,n,https://lendingclub.com/browse/loanDetail.action?loan_id=37077733,debt_consolidation,Debt consolidation,774xx,TX,9.13,0.0,Sep-1999,675.0,679.0,0.0,12.0,0.0,35290.0,66.1,38.0,f,0.0,0.0,17571.6549458846,17571.65,15600.0,1971.65,0.0,0.0,0.0,Jun-2017,3362.37,Jun-2017,719.0,715.0,0.0,1.0,Individual,0.0,0.0,354707.0,53400.0,7.0,29559.0,10661.0,68.8,0.0,0.0,134.0,183.0,10.0,10.0,4.0,10.0,0.0,0.0,5.0,6.0,5.0,11.0,19.0,8.0,15.0,6.0,12.0,0.0,0.0,0.0,2.0,100.0,80.0,0.0,0.0,387947.0,53372.0,34200.0,27147.0,N,Cash,N,0
medio,1118241,37620251,11000.0,11000.0,11000.0, 60 months,20.99,297.53,E,E4,Transportation Supervisor,9 years,RENT,56000.0,Verified,Dec-2014,Charged Off,n,https://lendingclub.com/browse/loanDetail.action?loan_id=37620251,debt_consolidation,Debt consolidation,550xx,MN,25.4,1.0,Jul-2000,660.0,664.0,0.0,7.0,0.0,12051.0,93.4,25.0,w,0.0,0.0,3719.66,3719.66,775.61,1294.27,0.0,1649.78,296.9604,Jul-2015,297.53,Oct-2016,529.0,525.0,0.0,1.0,Individual,0.0,0.0,36980.0,12900.0,3.0,5283.0,849.0,93.4,0.0,0.0,154.0,173.0,19.0,1.0,3.0,69.0,2.0,1.0,5.0,5.0,5.0,6.0,12.0,5.0,10.0,5.0,7.0,0.0,0.0,1.0,2.0,96.0,80.0,0.0,0.0,41618.0,36980.0,12900.0,28718.0,N,Cash,N,1
medio,1118242,36420770,24000.0,24000.0,24000.0, 36 months,6.03,730.46,A,A1,Director of Nuclear Cardiology,10+ years,MORTGAGE,75000.0,Source Verified,Dec-2014,Fully Paid,n,https://lendingclub.com/browse/loanDetail.action?loan_id=36420770,debt_consolidation,Debt consolidation,750xx,TX,18.77,0.0,Jul-1998,775.0,779.0,0.0,9.0,0.0,20177.0,42.5,18.0,f,0.0,0.0,26288.2357290002,26288.24,24000.0,2288.24,0.0,0.0,0.0,Dec-2017,730.18,Mar-2019,739.0,735.0,0.0,1.0,Individual,0.0,0.0,173462.0,47500.0,4.0,19274.0,23770.0,44.7,0.0,0.0,148.0,197.0,16.0,16.0,2.0,16.0,16.0,0.0,4.0,5.0,5.0,7.0,5.0,6.0,11.0,5.0,9.0,0.0,0.0,0.0,0.0,100.0,20.0,0.0,0.0,244185.0,28491.0,43000.0,40485.0,N,Cash,N,0
medio,1118243,37630995,11325.0,11325.0,11325.0, 60 months,13.66,261.53,C,C3,Medical Resident - Family Medicine,< 1 year,RENT,50214.0,Not Verified,Dec-2014,Fully Paid,n,https://lendingclub.com/browse/loanDetail.action?loan_id=37630995,credit_card,Credit card refinancing,331xx,FL,37.5,0.0,Jul-1993,695.0,699.0,0.0,45.0,0.0,23243.0,59.1,78.0,w,0.0,0.0,15479.3434854614,15479.34,11325.0,4154.34,0.0,0.0,0.0,Dec-2018,3196.02,Mar-2019,739.0,735.0,0.0,1.0,Individual,0.0,0.0,458451.0,39300.0,11.0,10419.0,12747.0,62.3,0.0,0.0,212.0,257.0,84.0,7.0,0.0,84.0,9.0,0.0,5.0,6.0,7.0,12.0,64.0,8.0,14.0,6.0,45.0,0.0,0.0,0.0,2.0,100.0,83.3,0.0,0.0,464763.0,458451.0,33800.0,425463.0,N,Cash,N,0
medio,1118244,37761045,10000.0,10000.0,10000.0, 36 months,16.49,354.0,D,D3,Fleet service clerk,10+ years,RENT,69936.0,Verified,Dec-2014,Fully Paid,n,https://lendingclub.com/browse/loanDetail.action?loan_id=37761045,debt_consolidation,Debt consolidation,331xx,FL,14.46,0.0,Oct-2003,705.0,709.0,3.0,24.0,0.0,6721.0,14.7,50.0,f,0.0,0.0,10526.67,10526.67,10000.0,526.67,0.0,0.0,0.0,Apr-2015,9473.83,Mar-2019,619.0,615.0,0.0,1.0,Individual,0.0,0.0,16864.0,45700.0,14.0,733.0,13953.0,23.8,0.0,0.0,83.0,134.0,3.0,3.0,0.0,3.0,0.0,0.0,7.0,15.0,8.0,19.0,13.0,22.0,37.0,15.0,24.0,0.0,0.0,0.0,9.0,100.0,0.0,0.0,0.0,56631.0,16864.0,18300.0,10931.0,N,Cash,N,0
medio,1118245,37650924,7000.0,7000.0,7000.0, 36 months,11.99,232.47,B,B5,Pharmacist,2 years,OWN,125000.0,Not Verified,Dec-2014,Charged Off,n,https://lendingclub.com/browse/loanDetail.action?loan_id=37650924,major_purchase,Major purchase,305xx,GA,15.48,0.0,Sep-2003,665.0,669.0,0.0,29.0,0.0,11049.0,75.2,41.0,f,0.0,0.0,6301.85,6301.85,4798.23,1241.33,0.0,262.29,47.2122,Mar-2017,232.47,Aug-2017,549.0,545.0,0.0,1.0,Individual,0.0,0.0,294106.0,14700.0,6.0,10142.0,3030.0,75.8,0.0,0.0,135.0,58.0,3.0,3.0,0.0,3.0,4.0,0.0,7.0,8.0,7.0,8.0,30.0,8.0,11.0,8.0,29.0,0.0,0.0,0.0,2.0,100.0,42.9,0.0,0.0,287584.0,294106.0,12500.0,272884.0,N,Cash,N,1
medio,1118246,37801015,7000.0,7000.0,7000.0, 36 months,11.99,232.47,B,B5,human resources,8 years,RENT,40000.0,Source Verified,Dec-2014,Charged Off,n,https://lendingclub.com/browse/loanDetail.action?loan_id=37801015,debt_consolidation,Debt consolidation,101xx,NY,12.06,1.0,Oct-2004,665.0,669.0,1.0,11.0,0.0,11818.0,31.1,20.0,f,0.0,0.0,4784.54,4784.54,3382.1,1030.17,0.0,372.27,67.00860000109999,Jul-2016,232.47,Feb-2017,524.0,520.0,0.0,1.0,Individual,1.0,0.0,29853.0,38000.0,8.0,2985.0,17870.0,36.2,0.0,45.0,122.0,70.0,1.0,1.0,0.0,4.0,1.0,0.0,5.0,6.0,4.0,5.0,11.0,8.0,9.0,6.0,10.0,0.0,1.0,0.0,2.0,95.0,40.0,0.0,0.0,58525.0,29853.0,28000.0,20525.0,N,Cash,N,1
medio,1118247,37821000,7000.0,7000.0,7000.0, 36 months,11.44,230.64,B,B4,System Validation Engineer,2 years,RENT,60000.0,Not Verified,Dec-2014,Fully Paid,n,https://lendingclub.com/browse/loanDetail.action?loan_id=37821000,debt_consolidation,Debt consolidation,483xx,CA,24.93,0.0,Jul-2006,710.0,714.0,1.0,37.0,0.0,6270.0,35.8,67.0,f,0.0,0.0,8008.900001616899,8008.9,7000.0,1008.9,0.0,0.0,0.0,Jul-2016,3866.28,Jun-2017,694.0,690.0,0.0,1.0,Individual,0.0,0.0,93532.0,17500.0,7.0,2528.0,5265.0,48.4,0.0,0.0,75.0,101.0,7.0,7.0,0.0,16.0,4.0,0.0,3.0,5.0,3.0,7.0,50.0,8.0,17.0,5.0,37.0,0.0,0.0,0.0,2.0,100.0,33.3,0.0,0.0,109706.0,93532.0,10200.0,92206.0,N,Cash,N,0
final,2260503,90127883,14400.0,14400.0,14400.0, 60 months,8.99,298.86,B,B1,Paralegal,10+ years,RENT,55000.0,Not Verified,Oct-2016,Charged Off,n,https://lendingclub.com/browse/loanDetail.action?loan_id=90127883,debt_consolidation,Debt consolidation,968xx,HI,23.13,0.0,Jan-2001,695.0,699.0,1.0,12.0,0.0,11642.0,43.8,68.0,f,0.0,0.0,5959.22,5959.22,4104.06,1855.16,0.0,0.0,0.0,Jun-2018,298.86,Mar-2019,539.0,535.0,0.0,1.0,Individual,0.0,0.0,148142.0,26600.0,13.0,12345.0,10362.0,46.3,0.0,0.0,136.0,188.0,8.0,4.0,0.0,10.0,2.0,4.0,5.0,7.0,6.0,10.0,41.0,8.0,27.0,7.0,12.0,0.0,0.0,0.0,6.0,76.5,33.3,0.0,0.0,180542.0,148142.0,19300.0,153942.0,N,Cash,N,1
final,2260504,90009215,14000.0,14000.0,14000.0, 36 months,14.49,481.83,C,C4,finance manager,8 years,MORTGAGE,160000.0,Source Verified,Oct-2016,Fully Paid,n,https://lendingclub.com/browse/loanDetail.action?loan_id=90009215,debt_consolidation,Debt consolidation,608xx,IL,18.89,2.0,May-1996,670.0,674.0,1.0,17.0,0.0,27819.0,72.3,34.0,f,0.0,0.0,17060.1816932186,17060.18,14000.0,3060.18,0.0,0.0,0.0,Dec-2018,5025.7,Mar-2019,739.0,735.0,0.0,1.0,Individual,0.0,0.0,268629.0,38500.0,1.0,15802.0,4181.0,84.5,0.0,0.0,244.0,141.0,1.0,1.0,5.0,1.0,2.0,0.0,6.0,7.0,6.0,7.0,15.0,9.0,12.0,7.0,17.0,0.0,0.0,1.0,1.0,91.2,83.3,0.0,0.0,401732.0,61730.0,27000.0,48694.0,N,Cash,N,0
final,2260505,90239754,15000.0,15000.0,15000.0, 36 months,15.59,524.33,C,C5,Human Resources Specialist,10+ years,RENT,46000.0,Verified,Oct-2016,Fully Paid,n,https://lendingclub.com/browse/loanDetail.action?loan_id=90239754,debt_consolidation,Debt consolidation,664xx,KS,22.12,0.0,Mar-1999,660.0,664.0,2.0,13.0,2.0,5660.0,52.4,35.0,f,0.0,0.0,17915.2567507435,17915.26,15000.0,2915.26,0.0,0.0,0.0,Apr-2018,8975.67,Apr-2018,674.0,670.0,0.0,1.0,Individual,0.0,311.0,29300.0,10800.0,12.0,2442.0,3639.0,52.1,0.0,0.0,148.0,210.0,6.0,5.0,2.0,16.0,4.0,8.0,2.0,4.0,3.0,8.0,15.0,7.0,18.0,4.0,13.0,0.0,0.0,0.0,6.0,100.0,0.0,1.0,1.0,41094.0,29300.0,7600.0,30294.0,N,Cash,N,0
final,2260507,90278015,24000.0,24000.0,24000.0, 60 months,9.49,503.93,B,B2,Pilot,10+ years,MORTGAGE,180000.0,Not Verified,Oct-2016,Fully Paid,n,https://lendingclub.com/browse/loanDetail.action?loan_id=90278015,home_improvement,Home improvement,902xx,CA,15.98,6.0,Apr-2001,705.0,709.0,0.0,11.0,0.0,14614.0,47.0,30.0,f,0.0,0.0,25878.2170734512,25878.22,24000.0,1853.02,25.2000005232,0.0,0.0,Aug-2017,21374.48,Mar-2019,654.0,650.0,0.0,1.0,Individual,0.0,0.0,800931.0,31100.0,4.0,72812.0,16493.0,44.3,0.0,0.0,141.0,172.0,25.0,2.0,9.0,25.0,,0.0,3.0,4.0,3.0,5.0,9.0,4.0,11.0,4.0,11.0,0.0,0.0,0.0,2.0,73.3,33.3,0.0,0.0,907923.0,185716.0,29600.0,202522.0,N,Cash,N,0
final,2260508,90384621,14400.0,14400.0,14400.0, 60 months,9.49,302.36,B,B2,Branch Manager,10+ years,OWN,68000.0,Not Verified,Oct-2016,Fully Paid,n,https://lendingclub.com/browse/loanDetail.action?loan_id=90384621,medical,Medical expenses,760xx,TX,25.89,0.0,May-2003,720.0,724.0,1.0,19.0,0.0,30551.0,26.2,40.0,f,0.0,0.0,15814.4303444882,15814.43,14400.0,1414.43,0.0,0.0,0.0,Nov-2017,12182.32,Nov-2017,764.0,760.0,0.0,1.0,Individual,0.0,0.0,47261.0,100800.0,6.0,2487.0,45093.0,17.8,0.0,0.0,133.0,160.0,2.0,2.0,3.0,2.0,0.0,0.0,5.0,10.0,10.0,15.0,10.0,18.0,27.0,10.0,19.0,0.0,0.0,0.0,5.0,100.0,0.0,0.0,0.0,127800.0,47261.0,61000.0,27000.0,N,Cash,N,0
final,2260511,90388599,10000.0,10000.0,10000.0, 36 months,13.49,339.31,C,C2,Driver,1 year,RENT,30000.0,Source Verified,Oct-2016,Fully Paid,n,https://lendingclub.com/browse/loanDetail.action?loan_id=90388599,debt_consolidation,Debt consolidation,902xx,CA,13.49,0.0,Jan-2013,665.0,669.0,1.0,11.0,0.0,10477.0,34.1,12.0,f,0.0,0.0,10761.0953361987,10761.1,10000.0,761.1,0.0,0.0,0.0,Jun-2017,6525.56,Feb-2019,759.0,755.0,0.0,1.0,Individual,0.0,0.0,10477.0,30700.0,6.0,952.0,13378.0,36.3,0.0,0.0,,44.0,2.0,2.0,0.0,2.0,2.0,0.0,8.0,11.0,8.0,8.0,0.0,11.0,12.0,11.0,11.0,0.0,0.0,0.0,3.0,100.0,25.0,0.0,0.0,30700.0,10477.0,21000.0,0.0,N,Cash,N,0
final,2260512,89868463,25000.0,25000.0,25000.0, 36 months,8.59,790.24,A,A5,Counselor ,10+ years,MORTGAGE,90000.0,Not Verified,Oct-2016,Charged Off,n,https://lendingclub.com/browse/loanDetail.action?loan_id=89868463,credit_card,Credit card refinancing,922xx,CA,17.17,0.0,Jan-2003,730.0,734.0,1.0,9.0,1.0,13463.0,52.8,23.0,w,0.0,0.0,13301.42,13301.42,7631.18,1839.77,0.0,3830.47,344.7423,Oct-2017,790.24,Mar-2019,589.0,585.0,0.0,1.0,Individual,0.0,650.0,218003.0,25500.0,5.0,24223.0,30.0,97.7,0.0,0.0,138.0,164.0,14.0,2.0,2.0,76.0,4.0,0.0,1.0,5.0,1.0,2.0,10.0,6.0,11.0,6.0,9.0,0.0,0.0,0.0,1.0,100.0,100.0,0.0,1.0,245427.0,65402.0,1300.0,67927.0,N,Cash,N,1
final,2260514,90106158,16800.0,16800.0,16800.0, 60 months,10.99,365.19,B,B4,dentist/owner,10+ years,MORTGAGE,150000.0,Not Verified,Oct-2016,Charged Off,n,https://lendingclub.com/browse/loanDetail.action?loan_id=90106158,small_business,Business,038xx,NH,25.25,0.0,Dec-1984,720.0,724.0,0.0,14.0,0.0,58178.0,57.5,30.0,w,0.0,0.0,5653.05,5653.05,1297.37,883.51,0.0,3472.17,624.9906,Apr-2017,365.19,Oct-2017,529.0,525.0,0.0,1.0,Individual,0.0,0.0,268422.0,101200.0,5.0,19173.0,40128.0,58.3,0.0,0.0,171.0,381.0,7.0,7.0,1.0,7.0,19.0,0.0,9.0,10.0,9.0,13.0,11.0,10.0,18.0,10.0,14.0,0.0,0.0,0.0,3.0,100.0,22.2,0.0,0.0,379802.0,91502.0,96200.0,56602.0,N,Cash,N,1
final,2260516,90397488,10000.0,10000.0,10000.0, 60 months,19.99,264.89,D,D4,Paraprofessional,10+ years,MORTGAGE,35000.0,Not Verified,Oct-2016,Fully Paid,n,https://lendingclub.com/browse/loanDetail.action?loan_id=90397488,debt_consolidation,Debt consolidation,624xx,IL,8.44,0.0,Feb-2001,660.0,664.0,0.0,6.0,1.0,7248.0,48.0,11.0,f,0.0,0.0,12694.4237006257,12694.42,10000.0,2694.42,0.0,0.0,0.0,Mar-2018,8432.09,Mar-2019,739.0,735.0,0.0,1.0,Individual,0.0,0.0,24813.0,15100.0,3.0,4136.0,5946.0,54.6,0.0,0.0,,187.0,10.0,10.0,2.0,10.0,10.0,0.0,3.0,4.0,3.0,6.0,0.0,5.0,9.0,4.0,6.0,0.0,0.0,0.0,1.0,100.0,0.0,1.0,0.0,37900.0,7248.0,13100.0,0.0,N,Cash,N,0
final,2260518,90098207,20000.0,20000.0,20000.0, 60 months,10.99,434.75,B,B4,Controller ,< 1 year,MORTGAGE,88000.0,Not Verified,Oct-2016,Fully Paid,n,https://lendingclub.com/browse/loanDetail.action?loan_id=90098207,credit_card,Credit card refinancing,970xx,OR,10.64,0.0,Oct-2004,740.0,744.0,0.0,9.0,0.0,16497.0,37.2,17.0,f,0.0,0.0,23170.3393819548,23170.34,20000.0,3170.34,0.0,0.0,0.0,May-2018,15357.05,May-2018,774.0,770.0,0.0,1.0,Individual,0.0,0.0,280781.0,44300.0,5.0,31198.0,23303.0,41.4,0.0,0.0,60.0,143.0,20.0,1.0,1.0,20.0,1.0,0.0,4.0,4.0,6.0,11.0,3.0,7.0,13.0,4.0,9.0,0.0,0.0,0.0,1.0,100.0,0.0,0.0,0.0,315766.0,44483.0,39800.0,27986.0,N,Cash,N,0
final,2260519,90288832,15650.0,15650.0,15650.0, 60 months,26.49,473.12,F,F2,Manager,10+ years,MORTGAGE,58000.0,Verified,Oct-2016,Fully Paid,n,https://lendingclub.com/browse/loanDetail.action?loan_id=90288832,debt_consolidation,Debt consolidation,194xx,PA,27.81,0.0,Jul-2002,685.0,689.0,1.0,13.0,1.0,8273.0,50.4,29.0,w,0.0,0.0,21591.5002187624,21591.5,15650.0,5941.5,0.0,0.0,0.0,Apr-2018,13571.49,Apr-2018,694.0,690.0,0.0,1.0,Individual,0.0,415.0,249357.0,16400.0,14.0,19181.0,2214.0,32.9,0.0,0.0,170.0,76.0,4.0,4.0,1.0,7.0,5.0,0.0,2.0,6.0,2.0,3.0,20.0,7.0,8.0,6.0,13.0,0.0,0.0,0.0,5.0,100.0,50.0,1.0,0.0,275876.0,53820.0,3300.0,58215.0,N,Cash,N,0
final,2260520,90169797,27450.0,27450.0,27450.0, 36 months,21.49,1041.1,D,D5,Sr UR RN,6 years,MORTGAGE,80000.0,Verified,Oct-2016,Fully Paid,n,https://lendingclub.com/browse/loanDetail.action?loan_id=90169797,debt_consolidation,Debt consolidation,856xx,AZ,15.17,0.0,Jun-2007,705.0,709.0,0.0,12.0,0.0,6220.0,35.5,21.0,f,0.0,0.0,36206.4797442109,36206.48,27450.0,8756.48,0.0,0.0,0.0,Oct-2018,12293.95,Mar-2019,594.0,590.0,0.0,1.0,Individual,0.0,336.0,169079.0,17500.0,6.0,15371.0,4035.0,59.7,0.0,0.0,43.0,111.0,2.0,2.0,4.0,2.0,12.0,0.0,3.0,4.0,4.0,5.0,2.0,9.0,15.0,4.0,12.0,0.0,0.0,0.0,2.0,90.5,66.7,0.0,0.0,211158.0,32595.0,10000.0,44033.0,N,Cash,N,0
final,2260523,90391784,10000.0,10000.0,10000.0, 36 months,10.49,324.98,B,B3,Crane Operator Assistant,10+ years,MORTGAGE,62000.0,Not Verified,Oct-2016,Fully Paid,n,https://lendingclub.com/browse/loanDetail.action?loan_id=90391784,debt_consolidation,Debt consolidation,061xx,CT,9.5,0.0,Sep-1992,675.0,679.0,0.0,16.0,1.0,8056.0,26.2,53.0,w,0.0,0.0,11531.6914976088,11531.69,10000.0,1531.69,0.0,0.0,0.0,Nov-2018,3746.74,Mar-2019,729.0,725.0,0.0,1.0,Individual,0.0,0.0,20685.0,30700.0,10.0,1293.0,9741.0,43.7,0.0,0.0,145.0,288.0,0.0,0.0,1.0,2.0,7.0,0.0,4.0,8.0,7.0,20.0,18.0,14.0,34.0,8.0,16.0,0.0,0.0,0.0,7.0,95.3,14.3,1.0,0.0,45700.0,11655.0,17300.0,5000.0,N,Cash,N,0
final,2260524,90130176,40000.0,40000.0,40000.0, 60 months,19.99,1059.54,D,D4,Air traffic Controller,10+ years,RENT,160000.0,Verified,Oct-2016,Fully Paid,n,https://lendingclub.com/browse/loanDetail.action?loan_id=90130176,debt_consolidation,Debt consolidation,334xx,FL,16.13,0.0,Jul-2002,720.0,724.0,0.0,9.0,0.0,17817.0,46.4,32.0,f,0.0,0.0,40943.4900000244,40943.49,40000.0,943.49,0.0,0.0,0.0,Dec-2016,6995.01,Mar-2019,719.0,715.0,0.0,1.0,Individual,0.0,0.0,136206.0,38400.0,4.0,15134.0,20583.0,46.4,0.0,0.0,156.0,170.0,6.0,6.0,2.0,6.0,,1.0,2.0,2.0,3.0,5.0,25.0,3.0,5.0,2.0,9.0,0.0,0.0,0.0,3.0,96.9,0.0,0.0,0.0,174364.0,136206.0,38400.0,135964.0,N,Cash,N,0
final,2260525,90239801,30000.0,30000.0,30000.0, 36 months,15.59,1048.65,C,C5,RN,10+ years,RENT,180000.0,Source Verified,Oct-2016,Fully Paid,n,https://lendingclub.com/browse/loanDetail.action?loan_id=90239801,house,Home buying,301xx,GA,11.69,0.0,Nov-1992,675.0,679.0,0.0,22.0,0.0,53665.0,73.7,37.0,f,0.0,0.0,32849.5350450611,32849.54,30000.0,2849.54,0.0,0.0,0.0,Apr-2018,48.47,Mar-2018,719.0,715.0,0.0,1.0,Individual,0.0,0.0,53665.0,72801.0,6.0,2683.0,4571.0,88.5,0.0,0.0,156.0,286.0,10.0,10.0,2.0,10.0,0.0,0.0,6.0,18.0,6.0,12.0,2.0,22.0,33.0,18.0,22.0,0.0,0.0,0.0,2.0,100.0,66.7,0.0,0.0,72801.0,53665.0,39600.0,0.0,N,Cash,N,0
final,2260527,90249713,40000.0,40000.0,39900.0, 60 months,15.59,964.03,C,C5,Sales,< 1 year,MORTGAGE,168000.0,Verified,Oct-2016,Fully Paid,n,https://lendingclub.com/browse/loanDetail.action?loan_id=90249713,other,Other,380xx,TN,13.11,0.0,Mar-2002,710.0,714.0,1.0,17.0,0.0,50802.0,48.5,44.0,f,0.0,0.0,52072.4094978851,51942.23,40000.0,12072.41,0.0,0.0,0.0,Feb-2019,26038.24,Feb-2019,739.0,735.0,0.0,1.0,Individual,0.0,0.0,341412.0,104800.0,7.0,21338.0,26788.0,46.7,0.0,0.0,67.0,174.0,4.0,4.0,4.0,4.0,4.0,0.0,4.0,8.0,8.0,18.0,2.0,15.0,38.0,8.0,17.0,0.0,0.0,0.0,3.0,97.7,37.5,0.0,0.0,435977.0,88886.0,50300.0,55384.0,N,Cash,N,0
final,2260528,90230276,20000.0,20000.0,20000.0, 60 months,21.49,546.6,D,D5,Maintenance Supervisor,10+ years,MORTGAGE,75000.0,Source Verified,Oct-2016,Fully Paid,n,https://lendingclub.com/browse/loanDetail.action?loan_id=90230276,debt_consolidation,Debt consolidation,238xx,VA,25.23,1.0,Jul-1998,670.0,674.0,1.0,9.0,0.0,19185.0,78.3,21.0,f,0.0,0.0,28569.5393148935,28569.54,20000.0,8569.54,0.0,0.0,0.0,Jan-2019,14238.56,Jan-2019,724.0,720.0,0.0,1.0,Individual,0.0,0.0,188888.0,24500.0,4.0,20988.0,0.0,100.4,0.0,0.0,130.0,218.0,3.0,3.0,2.0,22.0,3.0,0.0,2.0,4.0,2.0,5.0,7.0,6.0,12.0,4.0,9.0,0.0,0.0,0.0,2.0,95.2,100.0,0.0,0.0,232376.0,38943.0,15000.0,54754.0,N,Cash,N,0
final,2260529,90270467,20000.0,20000.0,20000.0, 36 months,16.99,712.96,D,D1,Dealer,6 years,MORTGAGE,81000.0,Not Verified,Oct-2016,Charged Off,n,https://lendingclub.com/browse/loanDetail.action?loan_id=90270467,home_improvement,Home improvement,891xx,NV,9.97,2.0,May-1998,660.0,664.0,1.0,13.0,1.0,6053.0,58.2,18.0,f,0.0,0.0,2258.55,2258.55,1307.73,950.82,0.0,0.0,0.0,Jan-2017,712.96,Feb-2019,549.0,545.0,0.0,1.0,Individual,0.0,0.0,299993.0,10400.0,5.0,29999.0,1047.0,84.4,0.0,0.0,111.0,220.0,6.0,1.0,2.0,6.0,6.0,0.0,4.0,5.0,7.0,9.0,3.0,10.0,13.0,5.0,13.0,0.0,0.0,0.0,3.0,82.4,60.0,1.0,0.0,307152.0,13620.0,6700.0,9030.0,N,Cash,N,1
final,2260531,90104437,28000.0,28000.0,28000.0, 36 months,16.99,998.14,D,D1,Business Development Manager,10+ years,OWN,119900.0,Not Verified,Oct-2016,Fully Paid,n,https://lendingclub.com/browse/loanDetail.action?loan_id=90104437,credit_card,Credit card refinancing,296xx,SC,19.41,0.0,Jun-2001,675.0,679.0,1.0,13.0,0.0,24685.0,68.2,22.0,f,0.0,0.0,31967.5474986415,31967.55,28000.0,3967.55,0.0,0.0,0.0,Sep-2017,22012.58,Sep-2017,764.0,760.0,0.0,1.0,Individual,0.0,0.0,264967.0,36200.0,8.0,24088.0,8232.0,67.3,0.0,0.0,143.0,183.0,1.0,1.0,1.0,1.0,4.0,0.0,5.0,7.0,8.0,13.0,6.0,10.0,15.0,7.0,13.0,0.0,0.0,0.0,6.0,100.0,50.0,0.0,0.0,279596.0,89080.0,25200.0,67396.0,N,Cash,N,0
final,2260532,90076386,22000.0,22000.0,21750.0, 36 months,15.59,769.01,C,C5,Investor Relations ,2 years,RENT,80000.0,Verified,Oct-2016,Fully Paid,n,https://lendingclub.com/browse/loanDetail.action?loan_id=90076386,credit_card,Credit card refinancing,073xx,NJ,14.51,0.0,Aug-2007,660.0,664.0,0.0,21.0,0.0,20651.0,58.8,35.0,f,0.0,0.0,25815.9570690857,25522.59,22000.0,3815.96,0.0,0.0,0.0,Feb-2018,13297.01,Mar-2019,734.0,730.0,0.0,1.0,Individual,0.0,175.0,54518.0,35100.0,5.0,2596.0,3084.0,82.4,0.0,0.0,109.0,104.0,4.0,4.0,0.0,7.0,9.0,1.0,4.0,10.0,5.0,7.0,21.0,12.0,14.0,10.0,21.0,0.0,0.0,0.0,4.0,97.1,60.0,0.0,0.0,66100.0,54518.0,17500.0,31000.0,N,Cash,N,0
final,2260536,90296109,22075.0,22075.0,22075.0, 60 months,15.59,532.03,C,C5,Project Manager,9 years,OWN,60000.0,Not Verified,Oct-2016,Fully Paid,n,https://lendingclub.com/browse/loanDetail.action?loan_id=90296109,home_improvement,Home improvement,480xx,MI,8.78,1.0,Oct-2003,670.0,674.0,0.0,5.0,0.0,2939.0,62.5,12.0,f,0.0,0.0,28137.1443353278,28137.14,22075.0,6035.54,26.6000000301,0.0,0.0,Oct-2018,15892.97,Oct-2018,704.0,700.0,0.0,1.0,Individual,0.0,0.0,4754.0,4700.0,1.0,951.0,1454.0,65.4,0.0,0.0,155.0,66.0,32.0,18.0,0.0,32.0,18.0,0.0,2.0,3.0,3.0,3.0,8.0,4.0,4.0,3.0,5.0,0.0,0.0,1.0,0.0,91.7,33.3,0.0,0.0,12398.0,4754.0,4200.0,7698.0,N,Cash,N,0
final,2260537,90100160,10000.0,10000.0,10000.0, 36 months,15.59,349.55,C,C5,SAFETY DIRECTOR,9 years,RENT,62000.0,Not Verified,Oct-2016,Fully Paid,n,https://lendingclub.com/browse/loanDetail.action?loan_id=90100160,debt_consolidation,Debt consolidation,770xx,TX,16.74,0.0,Mar-2000,660.0,664.0,5.0,15.0,1.0,9418.0,29.3,48.0,f,0.0,0.0,11109.550892951002,11109.55,10000.0,1109.55,0.0,0.0,0.0,Jul-2017,8321.81,May-2018,649.0,645.0,0.0,1.0,Individual,0.0,4000.0,28582.0,32100.0,14.0,2042.0,9882.0,38.2,0.0,0.0,127.0,198.0,0.0,0.0,1.0,0.0,2.0,0.0,3.0,5.0,3.0,15.0,16.0,12.0,29.0,5.0,14.0,0.0,0.0,0.0,10.0,100.0,33.3,1.0,0.0,59482.0,28582.0,16000.0,27382.0,N,Cash,N,0
final,2260538,90327480,20000.0,20000.0,20000.0, 36 months,13.99,683.46,C,C3,Claims ,10+ years,MORTGAGE,80000.0,Verified,Oct-2016,Fully Paid,n,https://lendingclub.com/browse/loanDetail.action?loan_id=90327480,credit_card,Credit card refinancing,300xx,GA,18.75,0.0,May-2006,675.0,679.0,1.0,16.0,0.0,27756.0,44.2,48.0,f,0.0,0.0,22187.0343982313,22187.03,20000.0,2152.86,34.17,0.0,0.0,Aug-2017,16641.63,Apr-2018,649.0,645.0,0.0,1.0,Individual,0.0,0.0,176240.0,62800.0,10.0,11015.0,24856.0,46.3,0.0,0.0,92.0,124.0,1.0,1.0,3.0,1.0,3.0,0.0,8.0,10.0,9.0,21.0,18.0,13.0,27.0,10.0,16.0,0.0,0.0,0.0,6.0,100.0,55.6,0.0,0.0,233816.0,47740.0,46300.0,42516.0,N,Cash,N,0
final,2260539,90287178,15000.0,15000.0,15000.0, 60 months,8.99,311.31,B,B1,Technical Recruiter,< 1 year,RENT,115000.0,Source Verified,Oct-2016,Fully Paid,n,https://lendingclub.com/browse/loanDetail.action?loan_id=90287178,debt_consolidation,Debt consolidation,331xx,FL,10.86,0.0,Dec-2004,715.0,719.0,0.0,15.0,0.0,14538.0,28.6,23.0,f,0.0,0.0,16435.8566075182,16435.86,15000.0,1435.86,0.0,0.0,0.0,Dec-2017,12407.56,Feb-2019,779.0,775.0,0.0,1.0,Individual,0.0,0.0,456669.0,50800.0,5.0,32619.0,22062.0,38.4,0.0,0.0,29.0,141.0,6.0,6.0,1.0,6.0,11.0,0.0,5.0,7.0,6.0,10.0,2.0,12.0,20.0,7.0,15.0,0.0,0.0,0.0,3.0,87.0,16.7,0.0,0.0,545614.0,23148.0,35800.0,23364.0,N,Cash,N,0
final,2260540,88819142,22400.0,22400.0,22400.0, 60 months,10.49,481.36,B,B3,Supervisor,10+ years,MORTGAGE,50000.0,Not Verified,Oct-2016,Fully Paid,n,https://lendingclub.com/browse/loanDetail.action?loan_id=88819142,debt_consolidation,Debt consolidation,349xx,FL,15.48,0.0,Dec-2004,720.0,724.0,0.0,7.0,0.0,16666.0,51.1,27.0,f,0.0,0.0,26916.66175848,26916.66,22400.0,4516.66,0.0,0.0,0.0,Mar-2019,4392.4,Mar-2019,779.0,775.0,0.0,1.0,Individual,0.0,0.0,120146.0,32600.0,4.0,17164.0,12934.0,56.3,0.0,0.0,134.0,141.0,7.0,7.0,5.0,39.0,9.0,0.0,2.0,2.0,4.0,10.0,5.0,5.0,17.0,2.0,7.0,0.0,0.0,0.0,2.0,100.0,25.0,0.0,0.0,140556.0,29838.0,29600.0,15677.0,N,Cash,N,0
final,2260543,90240094,19800.0,19800.0,19800.0, 36 months,12.79,665.14,C,C1,Delivery manager,3 years,OWN,45000.0,Source Verified,Oct-2016,Charged Off,n,https://lendingclub.com/browse/loanDetail.action?loan_id=90240094,debt_consolidation,Debt consolidation,365xx,AL,11.49,0.0,Jun-2004,675.0,679.0,0.0,6.0,1.0,6075.0,27.7,23.0,f,0.0,0.0,11789.44,11789.44,6817.24,2586.16,0.0,2386.04,429.4871999357,Dec-2017,665.14,Mar-2019,504.0,500.0,0.0,1.0,Individual,0.0,0.0,15664.0,21900.0,5.0,2611.0,14825.0,29.1,0.0,0.0,138.0,147.0,7.0,7.0,3.0,15.0,,0.0,2.0,2.0,4.0,8.0,9.0,5.0,11.0,2.0,6.0,0.0,0.0,0.0,1.0,100.0,25.0,1.0,0.0,33915.0,15664.0,20900.0,12015.0,N,Cash,N,1
final,2260544,90249245,8000.0,8000.0,8000.0, 36 months,13.99,273.39,C,C3,Attorney,5 years,RENT,60000.0,Not Verified,Oct-2016,Fully Paid,n,https://lendingclub.com/browse/loanDetail.action?loan_id=90249245,debt_consolidation,Debt consolidation,334xx,FL,24.74,1.0,Aug-2001,665.0,669.0,0.0,33.0,0.0,2923.0,41.2,54.0,f,0.0,0.0,9731.5370008751,9731.54,8000.0,1731.54,0.0,0.0,0.0,Feb-2019,2356.23,Feb-2019,749.0,745.0,0.0,1.0,Individual,0.0,0.0,187260.0,7100.0,7.0,5675.0,573.0,61.8,0.0,0.0,154.0,181.0,4.0,2.0,0.0,15.0,13.0,0.0,2.0,3.0,2.0,5.0,43.0,6.0,10.0,3.0,33.0,0.0,0.0,0.0,4.0,97.9,0.0,0.0,0.0,191345.0,187260.0,1500.0,184245.0,N,Cash,N,0
final,2260545,90195681,6400.0,6400.0,6400.0, 36 months,19.99,237.82,D,D4,,,MORTGAGE,18876.0,Verified,Oct-2016,Fully Paid,n,https://lendingclub.com/browse/loanDetail.action?loan_id=90195681,debt_consolidation,Debt consolidation,114xx,NY,12.84,0.0,May-2006,670.0,674.0,0.0,5.0,1.0,7380.0,70.3,11.0,f,0.0,0.0,7439.2114978442,7439.21,6400.0,1039.21,0.0,0.0,0.0,Sep-2017,5068.12,Nov-2018,634.0,630.0,0.0,1.0,Individual,0.0,0.0,7380.0,10500.0,4.0,1476.0,2320.0,76.1,0.0,0.0,112.0,124.0,4.0,4.0,0.0,4.0,18.0,0.0,3.0,3.0,4.0,7.0,1.0,5.0,9.0,3.0,5.0,0.0,0.0,0.0,1.0,100.0,50.0,1.0,0.0,10500.0,7380.0,9700.0,0.0,N,Cash,N,0
final,2260546,90397786,13000.0,13000.0,13000.0, 36 months,13.99,444.25,C,C3,Sales Manager,10+ years,MORTGAGE,122000.0,Source Verified,Oct-2016,Charged Off,n,https://lendingclub.com/browse/loanDetail.action?loan_id=90397786,debt_consolidation,Debt consolidation,945xx,CA,13.77,0.0,Nov-1996,665.0,669.0,0.0,18.0,1.0,12887.0,33.2,28.0,f,0.0,0.0,3189.62,3189.62,292.69,141.46,0.0,2755.47,495.9846000075,Nov-2016,444.25,Mar-2017,499.0,0.0,0.0,1.0,Individual,0.0,281.0,29723.0,38800.0,8.0,1982.0,15079.0,35.3,0.0,0.0,149.0,238.0,1.0,1.0,0.0,35.0,5.0,0.0,2.0,9.0,3.0,6.0,7.0,16.0,21.0,9.0,18.0,0.0,0.0,0.0,3.0,100.0,66.7,1.0,0.0,65800.0,29723.0,23300.0,27000.0,N,Cash,N,1
final,2260547,90085659,35000.0,35000.0,35000.0, 36 months,13.99,1196.05,C,C3,Program Manager,10+ years,MORTGAGE,117000.0,Source Verified,Oct-2016,Fully Paid,n,https://lendingclub.com/browse/loanDetail.action?loan_id=90085659,credit_card,Credit card refinancing,853xx,AZ,28.26,0.0,Feb-1991,690.0,694.0,1.0,11.0,0.0,45654.0,21.3,19.0,f,0.0,0.0,38401.7112590335,38401.71,35000.0,3401.71,0.0,0.0,0.0,Jul-2017,28860.51,Mar-2019,769.0,765.0,0.0,1.0,Individual,0.0,0.0,413886.0,62900.0,6.0,41389.0,15446.0,22.7,0.0,0.0,145.0,307.0,17.0,3.0,4.0,17.0,0.0,0.0,2.0,2.0,5.0,6.0,7.0,6.0,7.0,2.0,11.0,0.0,0.0,0.0,1.0,100.0,25.0,0.0,0.0,434104.0,295398.0,61100.0,246410.0,N,Cash,N,0
final,2260549,90393111,16000.0,16000.0,16000.0, 36 months,12.79,537.49,C,C1,checker,10+ years,OWN,48000.0,Not Verified,Oct-2016,Fully Paid,n,https://lendingclub.com/browse/loanDetail.action?loan_id=90393111,debt_consolidation,Debt consolidation,928xx,CA,33.6,1.0,Sep-1986,675.0,679.0,0.0,11.0,0.0,13174.0,44.1,17.0,f,0.0,0.0,19005.3676185112,19005.37,16000.0,3005.37,0.0,0.0,0.0,Oct-2018,6617.4,Nov-2018,699.0,695.0,0.0,1.0,Individual,0.0,0.0,21854.0,29900.0,2.0,2185.0,13027.0,47.3,0.0,0.0,167.0,182.0,16.0,16.0,1.0,50.0,16.0,0.0,4.0,7.0,6.0,6.0,4.0,9.0,12.0,7.0,11.0,0.0,0.0,0.0,0.0,88.2,20.0,0.0,0.0,56875.0,21854.0,24700.0,26975.0,N,Cash,N,0
final,2260552,90189605,7200.0,7200.0,7200.0, 36 months,12.79,241.87,C,C1,General Manager ,2 years,MORTGAGE,54900.0,Not Verified,Oct-2016,Charged Off,n,https://lendingclub.com/browse/loanDetail.action?loan_id=90189605,credit_card,Credit card refinancing,034xx,NH,28.41,0.0,Jan-2008,675.0,679.0,1.0,10.0,1.0,7105.0,71.1,23.0,f,0.0,0.0,4858.99,4858.99,1916.39,739.06,0.0,2203.54,396.6372,Sep-2017,241.87,Aug-2018,544.0,540.0,0.0,1.0,Individual,0.0,0.0,160445.0,10000.0,6.0,16045.0,2895.0,71.1,0.0,0.0,98.0,104.0,2.0,2.0,2.0,2.0,2.0,2.0,4.0,4.0,4.0,5.0,13.0,4.0,7.0,4.0,10.0,0.0,0.0,0.0,2.0,82.6,25.0,0.0,1.0,189266.0,60789.0,10000.0,48528.0,N,Cash,Y,1
final,2260560,90107556,11200.0,11200.0,11200.0, 60 months,8.99,232.44,B,B1,QA Tech,10+ years,MORTGAGE,40000.0,Source Verified,Oct-2016,Fully Paid,n,https://lendingclub.com/browse/loanDetail.action?loan_id=90107556,debt_consolidation,Debt consolidation,497xx,MI,12.42,0.0,Nov-1994,680.0,684.0,1.0,6.0,0.0,11594.0,46.8,19.0,f,0.0,0.0,12139.9802662212,12139.98,11200.0,939.98,0.0,0.0,0.0,Oct-2017,9588.73,Jan-2019,724.0,720.0,0.0,1.0,Individual,0.0,283.0,75867.0,24800.0,4.0,12645.0,8322.0,50.5,0.0,0.0,252.0,262.0,9.0,9.0,1.0,9.0,4.0,0.0,3.0,4.0,3.0,7.0,7.0,5.0,11.0,4.0,6.0,0.0,0.0,0.0,3.0,100.0,0.0,0.0,0.0,94432.0,11594.0,16800.0,0.0,N,Cash,N,0
final,2260561,90267261,24000.0,24000.0,24000.0, 60 months,9.49,503.93,B,B2,Specialist Call Center Operations,9 years,MORTGAGE,78000.0,Not Verified,Oct-2016,Fully Paid,n,https://lendingclub.com/browse/loanDetail.action?loan_id=90267261,credit_card,Credit card refinancing,982xx,WA,9.78,0.0,Sep-1999,710.0,714.0,1.0,6.0,0.0,45646.0,86.1,25.0,f,0.0,0.0,26056.0942585804,26056.09,24000.0,2056.09,0.0,0.0,0.0,Sep-2017,21048.42,Feb-2019,704.0,700.0,0.0,1.0,Individual,0.0,0.0,211369.0,53000.0,4.0,35228.0,4615.0,7.7,0.0,0.0,204.0,150.0,2.0,2.0,1.0,2.0,2.0,0.0,1.0,5.0,1.0,7.0,4.0,5.0,20.0,5.0,6.0,0.0,0.0,0.0,2.0,100.0,0.0,0.0,0.0,237300.0,45646.0,5000.0,0.0,N,Cash,N,0
final,2260562,90306188,18000.0,18000.0,18000.0, 60 months,10.99,391.28,B,B4,Paralegal ,< 1 year,RENT,75000.0,Source Verified,Oct-2016,Charged Off,n,https://lendingclub.com/browse/loanDetail.action?loan_id=90306188,credit_card,Credit card refinancing,333xx,FL,16.85,0.0,Jan-1996,690.0,694.0,1.0,15.0,0.0,16472.0,54.5,23.0,f,0.0,0.0,9379.73,9379.73,6047.02,3332.71,0.0,0.0,0.0,Oct-2018,391.28,Mar-2019,524.0,520.0,0.0,1.0,Individual,0.0,0.0,54560.0,30200.0,5.0,3637.0,6085.0,71.7,0.0,0.0,248.0,226.0,2.0,2.0,0.0,6.0,6.0,6.0,4.0,6.0,5.0,10.0,10.0,7.0,13.0,6.0,15.0,0.0,0.0,0.0,2.0,60.9,60.0,0.0,0.0,82284.0,54560.0,21500.0,52084.0,N,Cash,N,1
final,2260563,89774741,32000.0,32000.0,32000.0, 60 months,15.59,771.23,C,C5,Staff Software Engineer,6 years,MORTGAGE,106500.0,Not Verified,Oct-2016,Charged Off,n,https://lendingclub.com/browse/loanDetail.action?loan_id=89774741,debt_consolidation,Debt consolidation,761xx,TX,33.5,0.0,Jan-2000,695.0,699.0,0.0,24.0,0.0,40195.0,73.6,49.0,f,0.0,0.0,20024.26,20024.26,10912.28,9111.98,0.0,0.0,0.0,Dec-2018,771.23,Nov-2018,654.0,650.0,0.0,1.0,Individual,0.0,0.0,288674.0,54600.0,8.0,12028.0,12732.0,72.1,0.0,0.0,129.0,200.0,4.0,4.0,2.0,4.0,5.0,0.0,5.0,6.0,7.0,8.0,36.0,9.0,11.0,7.0,24.0,0.0,0.0,0.0,4.0,100.0,42.9,0.0,0.0,317240.0,158353.0,45600.0,131640.0,N,Cash,N,1
final,2260564,90207805,13000.0,13000.0,13000.0, 36 months,12.79,436.71,C,C1,,,MORTGAGE,60000.0,Not Verified,Oct-2016,Fully Paid,n,https://lendingclub.com/browse/loanDetail.action?loan_id=90207805,debt_consolidation,Debt consolidation,350xx,AL,20.59,0.0,Oct-1975,670.0,674.0,0.0,11.0,1.0,5977.0,43.3,29.0,w,0.0,0.0,14765.5253413485,14765.53,13000.0,1765.53,0.0,0.0,0.0,Feb-2018,55.2,Mar-2019,784.0,780.0,0.0,1.0,Individual,0.0,0.0,127362.0,13800.0,4.0,11578.0,2768.0,60.5,0.0,0.0,180.0,491.0,3.0,3.0,2.0,20.0,16.0,2.0,2.0,5.0,2.0,5.0,10.0,8.0,17.0,5.0,11.0,0.0,0.0,0.0,2.0,89.3,50.0,0.0,0.0,187334.0,47814.0,7000.0,51434.0,N,Cash,N,0
final,2260566,90229508,30000.0,30000.0,30000.0, 60 months,17.99,761.64,D,D2,Special Agent,10+ years,RENT,130000.0,Source Verified,Oct-2016,Fully Paid,n,https://lendingclub.com/browse/loanDetail.action?loan_id=90229508,debt_consolidation,Debt consolidation,103xx,NY,10.54,0.0,Oct-1997,695.0,699.0,2.0,17.0,0.0,21536.0,36.4,39.0,f,0.0,0.0,33308.4459705573,33308.45,30000.0,3308.45,0.0,0.0,0.0,May-2017,28768.59,May-2017,704.0,700.0,0.0,1.0,Individual,0.0,0.0,412261.0,59100.0,11.0,24251.0,33176.0,33.6,0.0,0.0,129.0,227.0,3.0,3.0,3.0,3.0,0.0,4.0,3.0,4.0,10.0,15.0,17.0,12.0,19.0,4.0,17.0,0.0,0.0,0.0,6.0,64.1,20.0,0.0,0.0,508607.0,102879.0,50000.0,90507.0,N,Cash,N,0
final,2260567,90307701,16000.0,16000.0,16000.0, 60 months,13.99,372.21,C,C3,Lead Maintenance,4 years,OWN,80000.0,Not Verified,Oct-2016,Charged Off,n,https://lendingclub.com/browse/loanDetail.action?loan_id=90307701,debt_consolidation,Debt consolidation,751xx,TX,16.52,0.0,Sep-1999,675.0,679.0,0.0,11.0,0.0,11980.0,42.0,32.0,f,0.0,0.0,12972.13,12972.13,3468.78,2846.35,0.0,6657.0,1198.26,Mar-2018,372.21,Dec-2018,589.0,585.0,0.0,1.0,Individual,0.0,0.0,157107.0,28500.0,10.0,14282.0,2416.0,78.6,0.0,0.0,151.0,204.0,3.0,3.0,4.0,12.0,0.0,4.0,3.0,6.0,3.0,11.0,8.0,9.0,20.0,6.0,11.0,0.0,0.0,0.0,5.0,90.3,66.7,0.0,0.0,176513.0,22059.0,11300.0,12013.0,N,Cash,Y,1
final,2260568,90189530,10000.0,10000.0,10000.0, 60 months,12.79,226.46,C,C1,Assistant Escrow Officer,10+ years,MORTGAGE,50000.0,Not Verified,Oct-2016,Fully Paid,n,https://lendingclub.com/browse/loanDetail.action?loan_id=90189530,debt_consolidation,Debt consolidation,863xx,AZ,16.2,0.0,Dec-2000,660.0,664.0,0.0,6.0,2.0,7099.0,52.6,16.0,f,0.0,0.0,11864.6893366557,11864.69,10000.0,1864.69,0.0,0.0,0.0,Jun-2018,7.98,Mar-2019,709.0,705.0,0.0,1.0,Individual,0.0,2132.0,210584.0,13500.0,3.0,35097.0,6027.0,52.9,0.0,0.0,153.0,189.0,20.0,6.0,3.0,20.0,8.0,0.0,2.0,3.0,3.0,5.0,5.0,4.0,8.0,3.0,6.0,0.0,0.0,0.0,1.0,100.0,33.3,2.0,0.0,224236.0,27811.0,12800.0,26633.0,N,Cash,N,0
final,2260572,90155344,7000.0,7000.0,7000.0, 36 months,16.99,249.54,D,D1,Service technician,< 1 year,RENT,68000.0,Verified,Oct-2016,Fully Paid,n,https://lendingclub.com/browse/loanDetail.action?loan_id=90155344,debt_consolidation,Debt consolidation,770xx,TX,12.6,0.0,Jul-2004,665.0,669.0,1.0,7.0,0.0,4897.0,85.9,15.0,w,0.0,0.0,7834.9108236365,7834.91,7000.0,834.91,0.0,0.0,0.0,Jul-2017,5205.11,Mar-2019,749.0,745.0,0.0,1.0,Individual,0.0,0.0,16401.0,5700.0,5.0,2343.0,803.0,85.9,0.0,0.0,146.0,128.0,10.0,4.0,0.0,10.0,4.0,0.0,3.0,3.0,3.0,6.0,8.0,3.0,7.0,3.0,7.0,0.0,0.0,0.0,4.0,80.0,66.7,0.0,0.0,19560.0,16401.0,5700.0,13860.0,N,Cash,N,0
final,2260574,90082579,39000.0,39000.0,39000.0, 60 months,10.99,847.77,B,B4,Account Executive,6 years,MORTGAGE,128000.0,Not Verified,Oct-2016,Fully Paid,n,https://lendingclub.com/browse/loanDetail.action?loan_id=90082579,debt_consolidation,Debt consolidation,028xx,MA,29.94,0.0,Jan-1997,730.0,734.0,2.0,30.0,0.0,31054.0,28.8,68.0,f,0.0,0.0,44467.740532957,44467.74,39000.0,5467.74,0.0,0.0,0.0,Mar-2018,30867.71,Mar-2018,694.0,690.0,0.0,1.0,Individual,0.0,0.0,313423.0,107800.0,12.0,11194.0,53526.0,31.6,0.0,0.0,168.0,236.0,3.0,3.0,5.0,16.0,0.0,0.0,5.0,11.0,12.0,22.0,20.0,23.0,42.0,11.0,30.0,0.0,0.0,0.0,5.0,97.1,8.3,0.0,0.0,418317.0,107821.0,78300.0,102417.0,N,Cash,N,0
final,2260578,90265158,19200.0,19200.0,19200.0, 60 months,17.99,487.45,D,D2,food service manager,10+ years,RENT,55000.0,Not Verified,Oct-2016,Charged Off,n,https://lendingclub.com/browse/loanDetail.action?loan_id=90265158,debt_consolidation,Debt consolidation,337xx,FL,28.47,1.0,May-2002,670.0,674.0,0.0,20.0,1.0,12698.0,44.6,33.0,f,0.0,0.0,11312.36,11312.36,5427.88,5884.48,0.0,0.0,0.0,Sep-2018,487.45,Mar-2019,569.0,565.0,0.0,1.0,Individual,0.0,0.0,27952.0,28500.0,5.0,1747.0,3035.0,72.4,0.0,0.0,90.0,172.0,5.0,5.0,2.0,5.0,11.0,0.0,3.0,9.0,4.0,7.0,4.0,18.0,27.0,9.0,20.0,0.0,0.0,0.0,2.0,96.2,25.0,1.0,0.0,51700.0,27952.0,11000.0,23200.0,N,Cash,Y,1
final,2260581,90090631,16000.0,16000.0,16000.0, 60 months,8.99,332.06,B,B1,Systems Engineer,3 years,MORTGAGE,79000.0,Not Verified,Oct-2016,Fully Paid,n,https://lendingclub.com/browse/loanDetail.action?loan_id=90090631,credit_card,Credit card refinancing,871xx,NM,6.43,0.0,Dec-2000,700.0,704.0,0.0,8.0,0.0,17846.0,41.8,15.0,f,0.0,0.0,17636.4967254949,17636.5,16000.0,1636.5,0.0,0.0,0.0,Jan-2018,12995.65,Jun-2018,739.0,735.0,0.0,1.0,Individual,0.0,2454.0,164674.0,42700.0,3.0,20584.0,20429.0,46.2,0.0,0.0,171.0,189.0,9.0,9.0,1.0,12.0,9.0,1.0,2.0,3.0,5.0,10.0,2.0,7.0,12.0,3.0,8.0,0.0,0.0,0.0,2.0,86.7,0.0,0.0,0.0,204978.0,17846.0,38000.0,0.0,N,Cash,N,0
final,2260582,89874675,35000.0,35000.0,35000.0, 60 months,10.99,760.82,B,B4,CIO,3 years,RENT,330000.0,Source Verified,Oct-2016,Fully Paid,n,https://lendingclub.com/browse/loanDetail.action?loan_id=89874675,car,Car financing,902xx,CA,9.83,1.0,May-2009,725.0,729.0,0.0,5.0,0.0,2660.0,14.6,14.0,f,0.0,0.0,42637.5060205692,42637.51,35000.0,7637.51,0.0,0.0,0.0,Mar-2019,21355.92,Mar-2019,724.0,720.0,0.0,1.0,Individual,0.0,0.0,109701.0,18200.0,1.0,21940.0,15000.0,0.0,0.0,0.0,69.0,88.0,39.0,5.0,0.0,88.0,2.0,0.0,0.0,1.0,1.0,5.0,5.0,2.0,8.0,1.0,5.0,0.0,0.0,0.0,1.0,85.7,0.0,0.0,0.0,159679.0,109701.0,15000.0,120544.0,N,Cash,N,0
final,2260586,90389289,15500.0,15500.0,15500.0, 60 months,13.49,356.58,C,C2,Lead Equipment Maintenance Technician,3 years,RENT,83000.0,Source Verified,Oct-2016,Fully Paid,n,https://lendingclub.com/browse/loanDetail.action?loan_id=90389289,debt_consolidation,Debt consolidation,953xx,CA,6.17,0.0,Aug-2005,675.0,679.0,1.0,5.0,0.0,11912.0,58.1,15.0,f,0.0,0.0,18094.94280364,18094.94,15500.0,2594.94,0.0,0.0,0.0,Feb-2018,12763.81,Dec-2018,654.0,650.0,0.0,1.0,Individual,0.0,58.0,14790.0,20500.0,2.0,2958.0,2088.0,85.1,0.0,0.0,125.0,133.0,5.0,5.0,0.0,5.0,5.0,1.0,3.0,3.0,3.0,7.0,5.0,4.0,9.0,3.0,5.0,0.0,0.0,0.0,2.0,86.7,100.0,0.0,0.0,26094.0,14790.0,14000.0,5594.0,N,Cash,N,0
final,2260589,90106110,15000.0,15000.0,15000.0, 60 months,13.49,345.08,C,C2,Adjunct Faculty,3 years,RENT,90000.0,Source Verified,Oct-2016,Charged Off,n,https://lendingclub.com/browse/loanDetail.action?loan_id=90106110,debt_consolidation,Debt consolidation,890xx,NV,21.47,0.0,Oct-1983,695.0,699.0,1.0,22.0,0.0,36471.0,56.5,47.0,f,0.0,0.0,2430.94,2430.94,354.89,324.03,0.0,1752.02,315.3636,Dec-2016,345.08,Nov-2017,574.0,570.0,0.0,1.0,Individual,0.0,0.0,57746.0,64500.0,4.0,3397.0,9243.0,78.3,0.0,0.0,87.0,395.0,1.0,1.0,6.0,1.0,2.0,1.0,5.0,9.0,8.0,13.0,4.0,18.0,36.0,9.0,22.0,0.0,0.0,0.0,2.0,93.6,57.1,0.0,0.0,128378.0,56765.0,42500.0,35090.0,N,Cash,N,1
final,2260591,90237015,35000.0,35000.0,35000.0, 60 months,15.59,843.53,C,C5,"Vice President, MF Agency Underwriter",10+ years,MORTGAGE,163500.0,Verified,Oct-2016,Fully Paid,n,https://lendingclub.com/browse/loanDetail.action?loan_id=90237015,credit_card,Credit card refinancing,913xx,CA,19.02,0.0,Nov-1987,695.0,699.0,3.0,17.0,0.0,131631.0,82.0,36.0,f,0.0,0.0,45185.9928251626,45185.99,35000.0,10185.99,0.0,0.0,0.0,Dec-2018,24128.05,Feb-2019,649.0,645.0,0.0,1.0,Individual,0.0,0.0,564864.0,160500.0,9.0,35304.0,6222.0,52.0,0.0,0.0,146.0,346.0,4.0,4.0,7.0,4.0,1.0,0.0,9.0,11.0,13.0,13.0,9.0,11.0,22.0,10.0,16.0,,0.0,0.0,3.0,86.0,33.3,0.0,0.0,620145.0,54329.0,56000.0,51645.0,N,Cash,N,0
final,2260592,89613280,13200.0,13200.0,13200.0, 36 months,15.59,461.41,C,C5,Park Manager,2 years,OWN,55000.0,Verified,Oct-2016,Fully Paid,n,https://lendingclub.com/browse/loanDetail.action?loan_id=89613280,credit_card,Credit card refinancing,955xx,CA,11.54,0.0,Dec-2002,730.0,734.0,1.0,9.0,0.0,11459.0,33.9,13.0,f,0.0,0.0,14317.0500131646,14317.05,13200.0,1117.05,0.0,0.0,0.0,Sep-2017,406.61,Apr-2018,764.0,760.0,0.0,1.0,Individual,0.0,0.0,15307.0,33800.0,5.0,1701.0,22341.0,33.9,0.0,0.0,34.0,165.0,5.0,5.0,0.0,5.0,5.0,0.0,3.0,3.0,8.0,9.0,1.0,8.0,12.0,3.0,9.0,0.0,0.0,0.0,1.0,100.0,0.0,0.0,0.0,42974.0,15307.0,33800.0,9174.0,N,Cash,N,0
final,2260595,90081014,12800.0,12800.0,12800.0, 60 months,9.49,268.77,B,B2,Sr. Tax Law Specialist - EP,6 years,MORTGAGE,101303.0,Not Verified,Oct-2016,Charged Off,n,https://lendingclub.com/browse/loanDetail.action?loan_id=90081014,home_improvement,Home improvement,750xx,TX,13.03,0.0,Apr-2004,695.0,699.0,0.0,11.0,0.0,28544.0,54.1,17.0,f,0.0,0.0,1910.29,1910.29,1201.0,709.29,0.0,0.0,0.0,May-2017,268.77,Mar-2019,544.0,540.0,0.0,1.0,Individual,0.0,76.0,187529.0,52800.0,4.0,17048.0,16074.0,54.8,0.0,0.0,140.0,68.0,9.0,2.0,4.0,9.0,,1.0,5.0,7.0,6.0,7.0,3.0,9.0,10.0,7.0,11.0,0.0,0.0,0.0,2.0,94.1,16.7,0.0,0.0,232740.0,56544.0,35600.0,28000.0,N,Cash,N,1
final,2260598,89917156,30000.0,30000.0,30000.0, 60 months,13.99,697.9,C,C3,Programmer/IT,6 years,MORTGAGE,63500.0,Verified,Oct-2016,Fully Paid,n,https://lendingclub.com/browse/loanDetail.action?loan_id=89917156,debt_consolidation,Debt consolidation,571xx,SD,18.45,1.0,Feb-1998,690.0,694.0,0.0,8.0,0.0,4595.0,52.8,22.0,f,0.0,0.0,32625.4474476263,32625.45,30000.0,2625.45,0.0,0.0,0.0,May-2017,28344.79,Jun-2017,689.0,685.0,0.0,1.0,Individual,0.0,0.0,177135.0,8700.0,6.0,22142.0,3230.0,57.5,0.0,0.0,223.0,145.0,2.0,2.0,2.0,2.0,17.0,0.0,2.0,3.0,2.0,4.0,15.0,3.0,5.0,3.0,8.0,0.0,0.0,0.0,2.0,95.5,0.0,0.0,0.0,195907.0,29855.0,7600.0,36322.0,N,Cash,N,0
final,2260599,90304259,35000.0,35000.0,35000.0, 60 months,15.59,843.53,C,C5,Sr. Director,10+ years,MORTGAGE,180000.0,Verified,Oct-2016,Fully Paid,n,https://lendingclub.com/browse/loanDetail.action?loan_id=90304259,debt_consolidation,Debt consolidation,327xx,FL,13.09,2.0,Mar-1995,690.0,694.0,3.0,17.0,0.0,223516.0,91.0,31.0,f,0.0,0.0,36934.34087776541,36934.34,35000.0,1934.34,0.0,0.0,0.0,Feb-2017,34373.44,Feb-2017,714.0,710.0,0.0,1.0,Individual,0.0,0.0,1074786.0,261500.0,2.0,71652.0,2301.0,93.5,0.0,0.0,156.0,258.0,3.0,3.0,4.0,3.0,1.0,0.0,7.0,9.0,7.0,15.0,3.0,12.0,24.0,9.0,17.0,0.0,0.0,0.0,1.0,90.3,71.4,0.0,0.0,1259960.0,234791.0,35500.0,22486.0,N,Cash,N,0
final,2260602,89909317,16000.0,16000.0,16000.0, 60 months,10.49,343.83,B,B3,Site Acquistion Specialist,1 year,MORTGAGE,75000.0,Verified,Oct-2016,Charged Off,n,https://lendingclub.com/browse/loanDetail.action?loan_id=89909317,credit_card,Credit card refinancing,801xx,CO,18.62,2.0,Jan-1998,680.0,684.0,2.0,26.0,0.0,21908.0,43.7,60.0,f,0.0,0.0,4804.3,4804.3,3023.55,1780.75,0.0,0.0,0.0,Dec-2017,343.83,Mar-2018,504.0,500.0,0.0,1.0,Individual,0.0,0.0,483976.0,50100.0,15.0,21042.0,18157.0,48.4,0.0,0.0,154.0,224.0,2.0,2.0,3.0,2.0,2.0,1.0,10.0,13.0,13.0,16.0,20.0,23.0,37.0,13.0,26.0,0.0,0.0,1.0,11.0,96.7,18.2,0.0,0.0,524072.0,150627.0,35200.0,140131.0,N,Cash,N,1
final,2260603,90155323,16000.0,16000.0,16000.0, 60 months,14.49,376.37,C,C4,Formen,10+ years,MORTGAGE,70000.0,Source Verified,Oct-2016,Charged Off,n,https://lendingclub.com/browse/loanDetail.action?loan_id=90155323,home_improvement,Home improvement,145xx,NY,15.4,1.0,Feb-2004,690.0,694.0,0.0,11.0,0.0,2334.0,13.4,19.0,f,0.0,0.0,5165.61,5165.61,2138.82,1988.37,0.0,1038.42,186.9156,Sep-2017,376.37,Jul-2018,549.0,545.0,0.0,1.0,Individual,0.0,464.0,141796.0,17400.0,13.0,12891.0,6538.0,25.7,0.0,0.0,57.0,151.0,0.0,0.0,2.0,10.0,5.0,2.0,2.0,3.0,5.0,7.0,5.0,8.0,11.0,3.0,11.0,0.0,0.0,1.0,7.0,78.9,20.0,0.0,0.0,163729.0,46747.0,8800.0,51142.0,N,Cash,N,1
final,2260604,90165728,12000.0,12000.0,12000.0, 60 months,13.49,276.06,C,C2,retail associate,10+ years,MORTGAGE,85000.0,Not Verified,Oct-2016,Fully Paid,n,https://lendingclub.com/browse/loanDetail.action?loan_id=90165728,debt_consolidation,Debt consolidation,109xx,NY,8.91,0.0,Apr-2001,660.0,664.0,0.0,12.0,1.0,10109.0,46.6,24.0,f,0.0,0.0,13290.0580982955,13290.06,12000.0,1290.06,0.0,0.0,0.0,Aug-2017,10814.51,Aug-2017,679.0,675.0,0.0,1.0,Individual,0.0,0.0,158493.0,21700.0,5.0,14408.0,8091.0,55.5,0.0,0.0,127.0,185.0,9.0,5.0,2.0,17.0,9.0,0.0,4.0,4.0,7.0,16.0,3.0,10.0,19.0,4.0,11.0,0.0,0.0,0.0,3.0,100.0,42.9,1.0,0.0,172985.0,32861.0,18200.0,23904.0,N,Cash,N,0
final,2260609,89052159,36750.0,36750.0,36750.0, 60 months,10.99,798.86,B,B4,Supervisor ,10+ years,MORTGAGE,51000.0,Verified,Oct-2016,Fully Paid,n,https://lendingclub.com/browse/loanDetail.action?loan_id=89052159,debt_consolidation,Debt consolidation,109xx,NY,15.76,1.0,Jun-1997,695.0,699.0,0.0,21.0,0.0,31404.0,26.7,40.0,f,0.0,0.0,43380.5309453075,43380.53,36750.0,6630.53,0.0,0.0,0.0,Nov-2018,230.33,Nov-2018,804.0,800.0,0.0,1.0,Joint App,0.0,0.0,205151.0,117500.0,3.0,9769.0,79096.0,28.4,0.0,0.0,154.0,231.0,4.0,4.0,3.0,4.0,11.0,0.0,10.0,10.0,16.0,23.0,6.0,19.0,31.0,10.0,21.0,0.0,0.0,0.0,2.0,97.5,12.5,0.0,0.0,307169.0,36434.0,110500.0,6516.0,N,Cash,N,0
final,2260610,90080699,25000.0,25000.0,25000.0, 60 months,8.99,518.84,B,B1,Senior Tax Professional I,10+ years,MORTGAGE,80250.0,Not Verified,Oct-2016,Fully Paid,n,https://lendingclub.com/browse/loanDetail.action?loan_id=90080699,credit_card,Credit card refinancing,282xx,NC,22.15,0.0,Aug-2000,710.0,714.0,0.0,16.0,0.0,34718.0,58.5,39.0,f,0.0,0.0,27833.9251422971,27833.93,25000.0,2833.93,0.0,0.0,0.0,Feb-2018,20026.37,Oct-2018,764.0,760.0,0.0,1.0,Individual,0.0,0.0,230458.0,59300.0,3.0,14404.0,7344.0,81.9,0.0,0.0,144.0,193.0,14.0,14.0,5.0,14.0,1.0,0.0,5.0,7.0,6.0,13.0,9.0,12.0,25.0,7.0,16.0,0.0,0.0,0.0,0.0,97.4,50.0,0.0,0.0,280442.0,69022.0,40500.0,63362.0,N,Cash,N,0
final,2260613,90236496,25000.0,25000.0,25000.0, 60 months,14.49,588.08,C,C4,Driver,10+ years,MORTGAGE,82500.0,Not Verified,Oct-2016,Fully Paid,n,https://lendingclub.com/browse/loanDetail.action?loan_id=90236496,debt_consolidation,Debt consolidation,727xx,AR,13.32,0.0,Oct-2001,695.0,699.0,0.0,12.0,0.0,14662.0,37.4,25.0,f,0.0,0.0,26486.6018997876,26486.6,25000.0,1486.6,0.0,0.0,0.0,Jul-2017,4802.08,Dec-2018,729.0,725.0,0.0,1.0,Joint App,0.0,0.0,139941.0,39200.0,5.0,11662.0,8951.0,56.5,0.0,0.0,107.0,111.0,7.0,7.0,4.0,11.0,9.0,0.0,6.0,8.0,6.0,7.0,9.0,9.0,12.0,8.0,12.0,0.0,0.0,0.0,4.0,100.0,16.7,0.0,0.0,178991.0,32670.0,20600.0,22191.0,N,Cash,N,0
final,2260614,90244987,10000.0,10000.0,10000.0, 60 months,13.99,232.64,C,C3,Bus operator,10+ years,RENT,58000.0,Not Verified,Oct-2016,Fully Paid,n,https://lendingclub.com/browse/loanDetail.action?loan_id=90244987,credit_card,Credit card refinancing,028xx,RI,13.18,1.0,Aug-2006,695.0,699.0,1.0,20.0,0.0,36672.0,46.8,39.0,f,0.0,0.0,11424.8328135436,11424.83,10000.0,1424.83,0.0,0.0,0.0,Nov-2017,8613.72,Aug-2018,669.0,665.0,0.0,1.0,Individual,0.0,0.0,214986.0,78400.0,8.0,10749.0,14760.0,27.3,0.0,0.0,99.0,121.0,2.0,1.0,4.0,10.0,1.0,1.0,3.0,10.0,5.0,8.0,7.0,18.0,27.0,10.0,20.0,0.0,0.0,1.0,5.0,97.4,0.0,0.0,0.0,261836.0,46528.0,20300.0,10436.0,N,Cash,N,0
final,2260615,89924710,15550.0,15550.0,15550.0, 60 months,12.79,352.15,C,C1,Asst. produce manager,10+ years,RENT,54000.0,Not Verified,Oct-2016,Fully Paid,n,https://lendingclub.com/browse/loanDetail.action?loan_id=89924710,other,Other,060xx,CT,10.67,0.0,Jul-1999,720.0,724.0,1.0,11.0,1.0,7376.0,26.1,18.0,f,0.0,0.0,17806.4361359013,17806.44,15550.0,2256.44,0.0,0.0,0.0,Jan-2018,12887.39,Nov-2018,789.0,785.0,0.0,1.0,Individual,0.0,225.0,15443.0,28300.0,3.0,1544.0,15145.0,31.5,0.0,0.0,90.0,206.0,10.0,10.0,0.0,18.0,4.0,0.0,4.0,6.0,6.0,7.0,3.0,10.0,15.0,6.0,11.0,0.0,0.0,0.0,1.0,100.0,20.0,1.0,0.0,41474.0,15443.0,22100.0,13174.0,N,Cash,N,0
final,2260616,89838140,13000.0,13000.0,13000.0, 60 months,15.59,313.31,C,C5,Sales,2 years,MORTGAGE,150000.0,Verified,Oct-2016,Fully Paid,n,https://lendingclub.com/browse/loanDetail.action?loan_id=89838140,medical,Medical expenses,925xx,CA,29.14,0.0,Dec-1998,695.0,699.0,0.0,26.0,0.0,86634.0,47.0,53.0,f,0.0,0.0,15658.551363672,15658.55,13000.0,2658.55,0.0,0.0,0.0,Mar-2018,10656.85,Feb-2019,714.0,710.0,0.0,1.0,Individual,0.0,0.0,432656.0,139200.0,13.0,16641.0,42017.0,52.5,0.0,0.0,162.0,213.0,1.0,1.0,2.0,1.0,16.0,0.0,7.0,9.0,13.0,15.0,23.0,18.0,28.0,9.0,26.0,0.0,0.0,0.0,5.0,100.0,23.1,0.0,0.0,553939.0,163233.0,88400.0,121971.0,N,Cash,N,0
final,2260622,90058120,20000.0,20000.0,20000.0, 60 months,10.99,434.75,B,B4,RN,6 years,MORTGAGE,67000.0,Not Verified,Oct-2016,Fully Paid,n,https://lendingclub.com/browse/loanDetail.action?loan_id=90058120,credit_card,Credit card refinancing,450xx,OH,17.87,1.0,Jun-1996,700.0,704.0,1.0,7.0,0.0,17602.0,43.1,26.0,f,0.0,0.0,21845.826905184,21845.83,20000.0,1845.83,0.0,0.0,0.0,Aug-2017,17945.29,Dec-2018,774.0,770.0,0.0,1.0,Individual,0.0,0.0,193409.0,40800.0,0.0,27630.0,23198.0,43.1,0.0,0.0,193.0,243.0,72.0,26.0,3.0,125.0,0.0,1.0,1.0,1.0,3.0,7.0,14.0,3.0,9.0,1.0,7.0,0.0,0.0,1.0,0.0,96.0,0.0,0.0,0.0,243043.0,63098.0,40800.0,66743.0,N,Cash,N,0
final,2260623,90053125,27950.0,27950.0,27925.0, 60 months,13.99,650.21,C,C3,sales manager,10+ years,RENT,71000.0,Verified,Oct-2016,Fully Paid,n,https://lendingclub.com/browse/loanDetail.action?loan_id=90053125,debt_consolidation,Debt consolidation,633xx,MO,15.7,0.0,Jun-2004,690.0,694.0,0.0,7.0,0.0,30396.0,71.0,27.0,f,0.0,0.0,33933.7100777968,33903.36,27950.0,5983.71,0.0,0.0,0.0,Jun-2018,21494.46,Jul-2018,739.0,735.0,0.0,1.0,Individual,0.0,812.0,357719.0,42800.0,0.0,51103.0,10512.0,74.0,0.0,0.0,144.0,147.0,43.0,29.0,6.0,43.0,,0.0,3.0,4.0,3.0,7.0,8.0,4.0,13.0,4.0,7.0,0.0,0.0,0.0,0.0,100.0,33.3,0.0,0.0,402391.0,40723.0,40500.0,15582.0,N,Cash,N,0
final,2260626,90091610,35000.0,35000.0,35000.0, 60 months,15.59,843.53,C,C5,Global Sales Executive,7 years,MORTGAGE,90000.0,Source Verified,Oct-2016,Fully Paid,n,https://lendingclub.com/browse/loanDetail.action?loan_id=90091610,debt_consolidation,Debt consolidation,980xx,WA,13.73,0.0,Nov-1999,665.0,669.0,0.0,11.0,0.0,41528.0,64.5,34.0,f,0.0,0.0,37815.2985644049,37815.3,35000.0,2815.3,0.0,0.0,0.0,Apr-2017,33673.43,Jul-2018,789.0,785.0,0.0,1.0,Joint App,0.0,0.0,377059.0,64400.0,2.0,47132.0,22872.0,64.5,0.0,0.0,132.0,202.0,20.0,11.0,4.0,20.0,13.0,0.0,7.0,7.0,10.0,22.0,6.0,10.0,24.0,7.0,11.0,0.0,0.0,0.0,1.0,100.0,42.9,0.0,0.0,404400.0,41528.0,64400.0,0.0,N,Cash,N,0
final,2260629,90324722,20000.0,20000.0,20000.0, 60 months,15.59,482.02,C,C5,VP ITSM Change Management,8 years,MORTGAGE,110000.0,Source Verified,Oct-2016,Fully Paid,n,https://lendingclub.com/browse/loanDetail.action?loan_id=90324722,debt_consolidation,Debt consolidation,600xx,IL,15.76,1.0,Jul-1998,685.0,689.0,1.0,17.0,1.0,14565.0,33.2,49.0,f,0.0,0.0,23461.4104021692,23461.41,20000.0,3461.41,0.0,0.0,0.0,Dec-2017,17238.46,Mar-2019,699.0,695.0,1.0,1.0,Individual,0.0,0.0,47296.0,47700.0,8.0,2956.0,29518.0,35.1,1.0,0.0,153.0,218.0,4.0,4.0,2.0,4.0,4.0,1.0,7.0,10.0,9.0,20.0,15.0,13.0,29.0,10.0,17.0,0.0,0.0,1.0,5.0,97.4,11.1,1.0,0.0,87428.0,47296.0,43400.0,39550.0,N,Cash,N,0
final,2260632,90134183,20000.0,20000.0,20000.0, 60 months,9.49,419.94,B,B2,Shipping/Receiving Manager,10+ years,RENT,62000.0,Not Verified,Oct-2016,Charged Off,n,https://lendingclub.com/browse/loanDetail.action?loan_id=90134183,debt_consolidation,Debt consolidation,109xx,NY,11.4,0.0,Aug-2002,710.0,714.0,1.0,11.0,0.0,13599.0,35.0,42.0,f,0.0,0.0,10202.95,10202.95,4446.2,2325.56,0.0,3431.19,617.6142,Feb-2018,419.94,Oct-2018,584.0,580.0,0.0,1.0,Individual,0.0,0.0,94742.0,38800.0,8.0,9474.0,12122.0,41.7,0.0,0.0,129.0,169.0,5.0,5.0,0.0,6.0,3.0,0.0,3.0,5.0,4.0,7.0,25.0,8.0,17.0,5.0,11.0,0.0,0.0,0.0,5.0,95.2,25.0,0.0,0.0,117473.0,94742.0,20800.0,78673.0,N,Cash,N,1
final,2260633,89887458,21600.0,21600.0,21600.0, 60 months,10.49,464.17,B,B3,Terminal Manager,3 years,MORTGAGE,72500.0,Not Verified,Oct-2016,Fully Paid,n,https://lendingclub.com/browse/loanDetail.action?loan_id=89887458,debt_consolidation,Debt consolidation,372xx,TN,19.81,0.0,Oct-1999,725.0,729.0,2.0,19.0,0.0,7218.0,13.1,51.0,f,0.0,0.0,23455.9570429554,23455.96,21600.0,1855.96,0.0,0.0,0.0,Sep-2017,2296.85,Nov-2018,789.0,785.0,0.0,1.0,Individual,0.0,0.0,208111.0,55000.0,13.0,12242.0,32448.0,18.1,0.0,0.0,138.0,203.0,2.0,2.0,6.0,3.0,4.0,0.0,3.0,4.0,11.0,15.0,11.0,16.0,34.0,4.0,19.0,0.0,0.0,0.0,7.0,98.0,11.1,0.0,0.0,264656.0,56570.0,39600.0,57656.0,N,Cash,N,0
final,2260634,90029127,16100.0,16100.0,16100.0, 60 months,9.49,338.06,B,B2,Auto appraiser,1 year,MORTGAGE,70000.0,Source Verified,Oct-2016,Fully Paid,n,https://lendingclub.com/browse/loanDetail.action?loan_id=90029127,debt_consolidation,Debt consolidation,117xx,NY,11.25,0.0,Dec-1998,730.0,734.0,0.0,11.0,0.0,11242.0,23.8,19.0,f,0.0,0.0,17430.6799471927,17430.68,16100.0,1330.68,0.0,0.0,0.0,Sep-2017,14058.57,Sep-2017,709.0,705.0,0.0,1.0,Individual,0.0,0.0,263839.0,47200.0,4.0,26384.0,31458.0,26.3,0.0,0.0,213.0,155.0,12.0,11.0,1.0,12.0,11.0,0.0,4.0,4.0,6.0,9.0,6.0,8.0,12.0,4.0,11.0,0.0,0.0,0.0,2.0,94.7,33.3,0.0,0.0,324319.0,15131.0,42700.0,17817.0,N,Cash,N,0
final,2260635,89906326,19250.0,19250.0,19250.0, 36 months,15.59,672.89,C,C5,Labour,6 years,OWN,56000.0,Source Verified,Oct-2016,Fully Paid,n,https://lendingclub.com/browse/loanDetail.action?loan_id=89906326,small_business,Business,704xx,LA,3.32,0.0,Feb-2007,770.0,774.0,1.0,9.0,0.0,4604.0,12.3,13.0,f,0.0,0.0,21389.7643514833,21389.76,19250.0,2139.76,0.0,0.0,0.0,Jul-2017,16023.31,Jul-2017,789.0,785.0,0.0,1.0,Individual,0.0,0.0,71157.0,37400.0,2.0,7906.0,28126.0,13.7,0.0,0.0,115.0,95.0,6.0,6.0,1.0,6.0,6.0,0.0,2.0,3.0,7.0,7.0,3.0,8.0,9.0,3.0,9.0,0.0,0.0,0.0,1.0,100.0,0.0,0.0,0.0,108095.0,4604.0,32600.0,0.0,N,Cash,N,0
final,2260636,90245482,24000.0,24000.0,24000.0, 60 months,12.79,543.5,C,C1,owner,5 years,RENT,62000.0,Not Verified,Oct-2016,Charged Off,n,https://lendingclub.com/browse/loanDetail.action?loan_id=90245482,debt_consolidation,Debt consolidation,915xx,CA,14.46,1.0,Feb-2004,675.0,679.0,1.0,12.0,0.0,6780.0,34.1,22.0,f,0.0,0.0,11031.19,11031.19,6497.86,4533.33,0.0,0.0,0.0,Jun-2018,543.5,Mar-2019,499.0,0.0,0.0,1.0,Individual,0.0,0.0,17516.0,19900.0,3.0,1592.0,11820.0,36.5,0.0,0.0,14.0,151.0,21.0,13.0,0.0,29.0,5.0,0.0,7.0,7.0,9.0,14.0,2.0,11.0,20.0,7.0,12.0,0.0,0.0,0.0,0.0,90.9,25.0,0.0,0.0,34900.0,17516.0,18600.0,15000.0,N,Cash,N,1
final,2260639,90094364,4500.0,4500.0,4500.0, 36 months,14.49,154.88,C,C4,IT Solutions Architect II,10+ years,MORTGAGE,120000.0,Verified,Oct-2016,Fully Paid,n,https://lendingclub.com/browse/loanDetail.action?loan_id=90094364,debt_consolidation,Debt consolidation,750xx,TX,17.49,0.0,Jun-2001,660.0,664.0,0.0,13.0,0.0,53599.0,100.0,20.0,f,0.0,0.0,5074.6731101726,5074.67,4500.0,574.67,0.0,0.0,0.0,Oct-2017,3374.61,Oct-2017,594.0,590.0,0.0,1.0,Individual,0.0,0.0,182132.0,53600.0,2.0,14010.0,0.0,101.1,0.0,0.0,183.0,110.0,8.0,8.0,3.0,29.0,8.0,0.0,4.0,11.0,4.0,5.0,5.0,11.0,12.0,11.0,13.0,0.0,0.0,0.0,1.0,95.0,100.0,0.0,0.0,212885.0,60559.0,13300.0,15423.0,N,Cash,N,0
final,2260640,89819101,25000.0,25000.0,25000.0, 60 months,9.49,524.93,B,B2,Training Manager,1 year,MORTGAGE,75000.0,Source Verified,Oct-2016,Fully Paid,n,https://lendingclub.com/browse/loanDetail.action?loan_id=89819101,debt_consolidation,Debt consolidation,891xx,NV,23.53,0.0,Aug-2003,750.0,754.0,1.0,13.0,0.0,11636.0,41.9,23.0,f,0.0,0.0,28674.0507742535,28674.05,25000.0,3674.05,0.0,0.0,0.0,Jul-2018,18155.68,Jul-2018,734.0,730.0,0.0,1.0,Individual,0.0,0.0,268402.0,27800.0,2.0,22367.0,6162.0,64.6,0.0,0.0,93.0,157.0,17.0,17.0,1.0,47.0,6.0,0.0,2.0,3.0,4.0,6.0,8.0,9.0,13.0,3.0,13.0,0.0,0.0,0.0,0.0,100.0,25.0,0.0,0.0,309811.0,45677.0,17400.0,31666.0,N,Cash,N,0
final,2260641,89936581,4500.0,4500.0,4500.0, 36 months,8.59,142.25,A,A5,Foster care worker ,1 year,MORTGAGE,30000.0,Verified,Oct-2016,Fully Paid,n,https://lendingclub.com/browse/loanDetail.action?loan_id=89936581,debt_consolidation,Debt consolidation,705xx,LA,3.88,0.0,Nov-2007,695.0,699.0,0.0,8.0,0.0,1311.0,13.7,29.0,w,0.0,0.0,4570.6046448909,4570.6,4500.0,70.6,0.0,0.0,0.0,Mar-2017,1484.5,Nov-2017,719.0,715.0,0.0,1.0,Individual,0.0,0.0,164622.0,9600.0,8.0,23517.0,3089.0,29.8,0.0,0.0,51.0,106.0,13.0,5.0,1.0,13.0,8.0,0.0,1.0,1.0,2.0,6.0,16.0,6.0,11.0,1.0,8.0,0.0,0.0,0.0,1.0,100.0,0.0,0.0,0.0,173717.0,50057.0,4400.0,48746.0,N,Cash,N,0
final,2260642,90040580,35000.0,35000.0,35000.0, 60 months,12.79,792.61,C,C1,Analyst,2 years,MORTGAGE,160000.0,Verified,Oct-2016,Fully Paid,n,https://lendingclub.com/browse/loanDetail.action?loan_id=90040580,debt_consolidation,Debt consolidation,957xx,CA,17.76,0.0,Jul-2003,670.0,674.0,1.0,15.0,1.0,41141.0,68.6,45.0,f,0.0,0.0,40678.6133355818,40678.61,35000.0,5678.61,0.0,0.0,0.0,Feb-2018,28696.1,Jan-2019,744.0,740.0,0.0,1.0,Individual,0.0,0.0,554301.0,60000.0,6.0,39593.0,16587.0,40.3,0.0,0.0,122.0,158.0,2.0,2.0,3.0,2.0,1.0,1.0,3.0,6.0,6.0,13.0,14.0,11.0,28.0,6.0,15.0,0.0,0.0,0.0,6.0,97.4,33.3,1.0,0.0,592323.0,120009.0,27800.0,91297.0,N,Cash,N,0
final,2260643,88769873,14400.0,14400.0,14400.0, 60 months,10.99,313.02,B,B4,Safety Director,1 year,OWN,49400.0,Source Verified,Oct-2016,Charged Off,n,https://lendingclub.com/browse/loanDetail.action?loan_id=88769873,credit_card,Credit card refinancing,153xx,PA,13.85,0.0,Oct-2006,685.0,689.0,0.0,18.0,1.0,5779.0,35.2,28.0,f,0.0,0.0,3677.17,3677.17,1112.03,757.3,0.0,1807.84,325.4112,Apr-2017,313.02,Oct-2017,694.0,690.0,0.0,1.0,Individual,0.0,0.0,21772.0,16400.0,12.0,1361.0,757.0,76.3,0.0,0.0,110.0,119.0,6.0,6.0,0.0,45.0,2.0,0.0,2.0,8.0,2.0,8.0,4.0,17.0,24.0,8.0,18.0,0.0,0.0,0.0,5.0,100.0,50.0,1.0,0.0,34605.0,21772.0,3200.0,18205.0,N,Cash,N,1
final,2260645,89818677,24000.0,24000.0,24000.0, 60 months,13.49,552.12,C,C2,Group enviromental Manager,10+ years,MORTGAGE,145000.0,Not Verified,Oct-2016,Fully Paid,n,https://lendingclub.com/browse/loanDetail.action?loan_id=89818677,medical,Medical expenses,325xx,FL,25.85,0.0,Apr-1969,720.0,724.0,0.0,22.0,0.0,60328.0,59.6,27.0,f,0.0,0.0,24012.2300001044,24012.23,24000.0,12.23,0.0,0.0,0.0,Oct-2016,24030.22,Sep-2016,724.0,720.0,0.0,1.0,Individual,0.0,0.0,112899.0,101300.0,1.0,5132.0,14121.0,63.6,0.0,0.0,141.0,569.0,50.0,16.0,2.0,50.0,16.0,0.0,3.0,10.0,9.0,11.0,2.0,19.0,23.0,10.0,22.0,0.0,0.0,0.0,0.0,92.6,22.2,0.0,0.0,303334.0,105758.0,38800.0,129934.0,N,Cash,N,0
final,2260646,90164560,12000.0,12000.0,12000.0, 60 months,13.49,276.06,C,C2,Manager,6 years,MORTGAGE,40500.0,Not Verified,Oct-2016,Fully Paid,n,https://lendingclub.com/browse/loanDetail.action?loan_id=90164560,debt_consolidation,Debt consolidation,895xx,NV,23.23,0.0,Sep-1997,675.0,679.0,1.0,8.0,1.0,7648.0,37.1,35.0,f,0.0,0.0,13964.2435254506,13964.24,12000.0,1964.24,0.0,0.0,0.0,Jan-2018,10063.66,Feb-2018,709.0,705.0,0.0,1.0,Individual,0.0,0.0,14341.0,20600.0,6.0,2390.0,9573.0,44.0,0.0,0.0,119.0,228.0,21.0,16.0,2.0,33.0,3.0,0.0,2.0,3.0,4.0,11.0,19.0,7.0,14.0,3.0,7.0,0.0,0.0,0.0,0.0,100.0,25.0,1.0,0.0,30600.0,14341.0,17100.0,10000.0,N,Cash,N,0
final,2260648,89024077,25000.0,25000.0,25000.0, 60 months,9.49,524.93,B,B2,Boiler operator,6 years,MORTGAGE,75000.0,Not Verified,Oct-2016,Fully Paid,n,https://lendingclub.com/browse/loanDetail.action?loan_id=89024077,debt_consolidation,Debt consolidation,557xx,MN,24.88,0.0,Sep-1989,730.0,734.0,0.0,12.0,1.0,100372.0,39.6,27.0,f,0.0,0.0,29473.9864089143,29473.99,25000.0,4473.99,0.0,0.0,0.0,Feb-2019,15314.06,Feb-2019,804.0,800.0,0.0,1.0,Individual,0.0,0.0,263301.0,147500.0,2.0,21942.0,35633.0,35.2,0.0,0.0,136.0,324.0,17.0,7.0,3.0,17.0,16.0,0.0,4.0,7.0,5.0,12.0,7.0,8.0,17.0,7.0,12.0,0.0,0.0,0.0,1.0,100.0,20.0,0.0,1.0,333662.0,112123.0,55000.0,21585.0,N,Cash,N,0
final,2260649,90006838,5000.0,5000.0,5000.0, 36 months,21.49,189.64,D,D5,Customer Service,2 years,RENT,43000.0,Verified,Oct-2016,Fully Paid,n,https://lendingclub.com/browse/loanDetail.action?loan_id=90006838,moving,Moving and relocation,112xx,NY,1.4,1.0,May-2008,670.0,674.0,1.0,4.0,0.0,913.0,22.8,19.0,f,0.0,0.0,5298.5310199892,5298.53,5000.0,298.53,0.0,0.0,0.0,Feb-2017,2517.2,Mar-2017,759.0,755.0,0.0,1.0,Individual,0.0,0.0,60559.0,4000.0,3.0,15140.0,3087.0,22.8,0.0,0.0,100.0,26.0,18.0,13.0,0.0,18.0,3.0,1.0,2.0,2.0,2.0,2.0,16.0,2.0,2.0,2.0,4.0,0.0,0.0,1.0,0.0,94.1,0.0,0.0,0.0,64546.0,60559.0,4000.0,59646.0,N,Cash,N,0
final,2260651,89838483,10000.0,10000.0,10000.0, 60 months,15.59,241.01,C,C5,Outside Sales,3 years,RENT,48000.0,Source Verified,Oct-2016,Fully Paid,n,https://lendingclub.com/browse/loanDetail.action?loan_id=89838483,credit_card,Credit card refinancing,926xx,CA,29.18,0.0,Mar-2011,665.0,669.0,1.0,9.0,3.0,14495.0,65.0,12.0,f,0.0,0.0,12612.3521450355,12612.35,10000.0,2612.35,0.0,0.0,0.0,Sep-2018,7318.79,Mar-2019,674.0,670.0,0.0,1.0,Individual,0.0,371.0,32627.0,22300.0,2.0,3625.0,6505.0,69.0,0.0,0.0,66.0,66.0,5.0,5.0,0.0,5.0,5.0,0.0,6.0,6.0,6.0,6.0,3.0,8.0,9.0,6.0,9.0,0.0,0.0,0.0,1.0,100.0,16.7,1.0,2.0,67016.0,32627.0,21000.0,44716.0,N,Cash,N,0
final,2260652,89078718,2000.0,2000.0,2000.0, 36 months,8.99,63.6,B,B1,Supervisor ,10+ years,MORTGAGE,75000.0,Not Verified,Oct-2016,Charged Off,n,https://lendingclub.com/browse/loanDetail.action?loan_id=89078718,debt_consolidation,Debt consolidation,328xx,FL,15.01,0.0,Dec-1984,710.0,714.0,1.0,12.0,0.0,7330.0,44.7,25.0,f,0.0,0.0,936.89,936.89,703.99,217.9,15.0,0.0,0.0,Apr-2018,142.2,Mar-2019,554.0,550.0,0.0,1.0,Individual,0.0,4695.0,112063.0,16400.0,6.0,9339.0,578.0,91.5,0.0,0.0,151.0,381.0,1.0,1.0,5.0,6.0,2.0,1.0,2.0,5.0,2.0,2.0,6.0,9.0,14.0,5.0,12.0,0.0,0.0,0.0,4.0,96.0,100.0,0.0,0.0,163456.0,37171.0,6800.0,34256.0,N,Cash,N,1
final,2260657,89777803,19200.0,19200.0,19200.0, 60 months,12.79,434.8,C,C1,personal investor,2 years,OWN,131209.0,Not Verified,Oct-2016,Charged Off,n,https://lendingclub.com/browse/loanDetail.action?loan_id=89777803,debt_consolidation,Debt consolidation,290xx,SC,9.65,0.0,May-2004,675.0,679.0,0.0,15.0,2.0,18233.0,50.8,25.0,f,0.0,0.0,7792.29,7792.29,4540.42,3251.87,0.0,0.0,0.0,Apr-2018,434.8,Dec-2016,669.0,665.0,0.0,1.0,Individual,0.0,0.0,112459.0,35900.0,5.0,7497.0,3019.0,41.9,0.0,0.0,148.0,148.0,2.0,2.0,0.0,69.0,8.0,1.0,2.0,9.0,3.0,6.0,6.0,12.0,19.0,9.0,15.0,0.0,0.0,0.0,1.0,92.0,0.0,0.0,2.0,112707.0,112459.0,5200.0,76807.0,N,Cash,N,1
final,2260661,89846877,11200.0,11200.0,11200.0, 60 months,13.99,260.55,C,C3,Supervisor ,10+ years,MORTGAGE,46000.0,Verified,Oct-2016,Fully Paid,n,https://lendingclub.com/browse/loanDetail.action?loan_id=89846877,debt_consolidation,Debt consolidation,400xx,KY,22.62,1.0,Aug-2000,665.0,669.0,0.0,16.0,1.0,23226.0,70.4,43.0,f,0.0,0.0,11949.568615971,11949.57,11200.0,749.57,0.0,0.0,0.0,Dec-2017,0.41,Apr-2018,684.0,680.0,0.0,1.0,Individual,0.0,118.0,167088.0,33000.0,6.0,11935.0,6131.0,51.0,0.0,0.0,121.0,193.0,14.0,6.0,3.0,22.0,6.0,0.0,3.0,8.0,4.0,11.0,13.0,10.0,26.0,8.0,14.0,0.0,0.0,0.0,1.0,97.4,0.0,1.0,0.0,188425.0,55791.0,12500.0,34425.0,N,Cash,N,0
final,2260663,90039262,30000.0,30000.0,30000.0, 60 months,10.49,644.67,B,B3,Service technician,10+ years,MORTGAGE,65000.0,Source Verified,Oct-2016,Fully Paid,n,https://lendingclub.com/browse/loanDetail.action?loan_id=90039262,credit_card,Credit card refinancing,060xx,CT,22.06,1.0,Sep-2001,735.0,739.0,0.0,8.0,0.0,9426.0,33.7,21.0,f,0.0,0.0,34126.844830251204,34126.84,30000.0,4126.84,0.0,0.0,0.0,Mar-2018,23742.19,Mar-2018,719.0,715.0,0.0,1.0,Joint App,0.0,0.0,252036.0,28000.0,2.0,31505.0,9269.0,47.9,0.0,0.0,150.0,180.0,11.0,11.0,2.0,11.0,11.0,0.0,2.0,3.0,3.0,9.0,6.0,5.0,13.0,3.0,8.0,0.0,0.0,0.0,1.0,95.2,33.3,0.0,0.0,301268.0,92505.0,17800.0,101968.0,N,Cash,N,0
final,2260666,89856493,22400.0,22400.0,22400.0, 60 months,13.49,515.31,C,C2,driver,10+ years,MORTGAGE,119000.0,Not Verified,Oct-2016,Charged Off,n,https://lendingclub.com/browse/loanDetail.action?loan_id=89856493,credit_card,Credit card refinancing,052xx,VT,23.22,0.0,Feb-1986,680.0,684.0,3.0,20.0,1.0,17669.0,51.5,47.0,f,0.0,0.0,5111.13,5111.13,2772.34,2338.79,0.0,0.0,0.0,Aug-2017,515.31,Feb-2019,604.0,600.0,0.0,1.0,Individual,0.0,0.0,364920.0,34300.0,13.0,18246.0,3848.0,70.8,0.0,0.0,66.0,367.0,1.0,1.0,4.0,18.0,1.0,0.0,5.0,8.0,6.0,23.0,12.0,12.0,31.0,8.0,20.0,0.0,0.0,0.0,4.0,100.0,50.0,1.0,0.0,428916.0,87893.0,13200.0,94816.0,N,Cash,N,1
final,2260667,89906080,19400.0,19400.0,19400.0, 60 months,14.49,456.35,C,C4,Clinical Applications Specialist,< 1 year,RENT,78000.0,Source Verified,Oct-2016,Fully Paid,n,https://lendingclub.com/browse/loanDetail.action?loan_id=89906080,debt_consolidation,Debt consolidation,851xx,AZ,13.02,0.0,Apr-1994,665.0,669.0,1.0,10.0,6.0,13775.0,63.8,26.0,f,0.0,0.0,24960.4250672159,24960.43,19400.0,5560.43,0.0,0.0,0.0,Feb-2019,12594.45,Mar-2019,719.0,715.0,0.0,1.0,Individual,0.0,0.0,33166.0,21600.0,4.0,3317.0,3970.0,68.7,0.0,0.0,171.0,269.0,10.0,3.0,0.0,28.0,2.0,1.0,5.0,9.0,5.0,10.0,9.0,9.0,16.0,9.0,10.0,0.0,0.0,0.0,3.0,95.5,40.0,1.0,5.0,42728.0,33166.0,12700.0,21128.0,N,Cash,N,0
final,2260672,89876723,38000.0,38000.0,38000.0, 60 months,13.49,874.18,C,C2,Area Director,10+ years,MORTGAGE,120000.0,Source Verified,Oct-2016,Charged Off,n,https://lendingclub.com/browse/loanDetail.action?loan_id=89876723,home_improvement,Home improvement,101xx,NY,14.44,0.0,May-2005,715.0,719.0,0.0,14.0,0.0,33171.0,37.8,27.0,f,0.0,0.0,21191.57,21191.57,12914.79,8276.78,0.0,0.0,0.0,Sep-2018,874.18,Mar-2019,609.0,605.0,0.0,1.0,Individual,0.0,0.0,259919.0,83400.0,4.0,18566.0,42250.0,39.2,0.0,0.0,16.0,136.0,0.0,0.0,3.0,0.0,,2.0,4.0,7.0,6.0,10.0,1.0,12.0,23.0,7.0,14.0,0.0,0.0,0.0,1.0,78.3,33.3,0.0,0.0,332200.0,35020.0,72000.0,14400.0,N,Cash,N,1
final,2260673,88959570,32000.0,32000.0,32000.0, 60 months,13.99,744.42,C,C3,Assistant Director,10+ years,MORTGAGE,125000.0,Source Verified,Oct-2016,Charged Off,n,https://lendingclub.com/browse/loanDetail.action?loan_id=88959570,debt_consolidation,Debt consolidation,799xx,TX,29.89,1.0,Oct-1995,670.0,674.0,2.0,15.0,0.0,44852.0,41.6,38.0,f,0.0,0.0,8403.35,8403.35,747.04,679.62,0.0,6976.69,1255.804199969,Dec-2016,744.42,Jun-2017,539.0,535.0,0.0,1.0,Individual,1.0,0.0,436060.0,107800.0,6.0,29071.0,53336.0,43.6,0.0,2141.0,124.0,251.0,3.0,3.0,7.0,3.0,3.0,0.0,6.0,7.0,8.0,14.0,14.0,10.0,17.0,7.0,14.0,0.0,1.0,0.0,2.0,97.3,25.0,0.0,0.0,557391.0,138125.0,94600.0,124725.0,N,Cash,N,1
final,2260674,88930300,20000.0,20000.0,20000.0, 60 months,15.59,482.02,C,C5,Registered Nurse,9 years,MORTGAGE,177000.0,Verified,Oct-2016,Fully Paid,n,https://lendingclub.com/browse/loanDetail.action?loan_id=88930300,renewable_energy,Green loan,950xx,CA,12.36,0.0,May-2001,665.0,669.0,0.0,11.0,5.0,12949.0,60.8,20.0,f,0.0,0.0,23465.19563442,23465.2,20000.0,3465.2,0.0,0.0,0.0,Jan-2018,15305.24,Mar-2019,704.0,700.0,0.0,1.0,Individual,0.0,0.0,912181.0,21300.0,7.0,82926.0,2454.0,79.7,0.0,0.0,137.0,184.0,15.0,2.0,2.0,18.0,5.0,1.0,5.0,6.0,5.0,6.0,7.0,7.0,8.0,6.0,11.0,0.0,0.0,0.0,2.0,89.5,80.0,0.0,5.0,949561.0,71347.0,12100.0,87427.0,N,Cash,N,0
final,2260675,90014198,16000.0,16000.0,16000.0, 60 months,10.99,347.8,B,B4,sanitation worker,10+ years,MORTGAGE,120000.0,Not Verified,Oct-2016,Fully Paid,n,https://lendingclub.com/browse/loanDetail.action?loan_id=90014198,debt_consolidation,Debt consolidation,112xx,NY,12.4,1.0,Apr-2004,745.0,749.0,2.0,21.0,1.0,5995.0,7.6,34.0,f,0.0,0.0,18183.1476432249,18183.15,16000.0,2183.15,0.0,0.0,0.0,Jun-2018,5236.72,Nov-2018,739.0,735.0,0.0,1.0,Individual,0.0,0.0,416784.0,73500.0,6.0,20839.0,57667.0,6.7,0.0,0.0,149.0,110.0,4.0,4.0,1.0,4.0,4.0,0.0,10.0,13.0,12.0,19.0,6.0,18.0,26.0,13.0,21.0,0.0,0.0,0.0,2.0,100.0,0.0,0.0,0.0,534255.0,50469.0,61800.0,58182.0,N,Cash,N,0
final,2260677,89968033,11200.0,11200.0,11200.0, 60 months,13.49,257.66,C,C2,Sr. Photo Producer,5 years,RENT,86000.0,Source Verified,Oct-2016,Charged Off,n,https://lendingclub.com/browse/loanDetail.action?loan_id=89968033,debt_consolidation,Debt consolidation,981xx,WA,4.8,0.0,Apr-1994,665.0,669.0,0.0,7.0,2.0,12581.0,54.7,14.0,f,0.0,0.0,6182.92,6182.92,3606.66,2576.26,0.0,0.0,0.0,Oct-2018,257.66,Mar-2019,499.0,0.0,0.0,1.0,Individual,0.0,0.0,12581.0,23000.0,4.0,1797.0,6720.0,57.7,0.0,0.0,269.0,70.0,1.0,1.0,0.0,3.0,10.0,0.0,3.0,6.0,3.0,3.0,5.0,7.0,7.0,6.0,7.0,0.0,0.0,0.0,3.0,92.9,33.3,0.0,2.0,23000.0,12581.0,15900.0,0.0,N,Cash,N,1
final,2260680,89024450,40000.0,40000.0,39975.0, 60 months,15.59,964.03,C,C5,Sr. Project Manager,< 1 year,MORTGAGE,220000.0,Verified,Oct-2016,Fully Paid,n,https://lendingclub.com/browse/loanDetail.action?loan_id=89024450,debt_consolidation,Debt consolidation,114xx,NY,10.88,0.0,Feb-2004,715.0,719.0,2.0,19.0,0.0,43437.0,13.3,45.0,f,0.0,0.0,42089.4164107701,42063.11,40000.0,2089.42,0.0,0.0,0.0,Feb-2017,39283.94,Mar-2019,779.0,775.0,0.0,1.0,Individual,0.0,0.0,394526.0,185700.0,7.0,20765.0,107774.0,8.9,0.0,0.0,104.0,151.0,2.0,2.0,4.0,16.0,2.0,0.0,5.0,8.0,9.0,13.0,12.0,14.0,28.0,8.0,19.0,0.0,0.0,0.0,3.0,100.0,0.0,0.0,0.0,558214.0,73480.0,141000.0,35551.0,N,Cash,N,0
final,2260684,89846605,15000.0,15000.0,15000.0, 36 months,10.49,487.47,B,B3,Billing clerk,8 years,MORTGAGE,60000.0,Not Verified,Oct-2016,Fully Paid,n,https://lendingclub.com/browse/loanDetail.action?loan_id=89846605,debt_consolidation,Debt consolidation,802xx,CO,26.4,0.0,Oct-1980,680.0,684.0,0.0,24.0,0.0,48654.0,36.1,42.0,f,0.0,0.0,15908.0011633971,15908.0,15000.0,908.0,0.0,0.0,0.0,May-2017,12991.92,Jun-2018,724.0,720.0,0.0,1.0,Individual,0.0,0.0,209074.0,134800.0,2.0,9090.0,57649.0,26.7,0.0,0.0,151.0,431.0,10.0,5.0,2.0,10.0,7.0,0.0,11.0,20.0,12.0,21.0,3.0,23.0,37.0,20.0,24.0,0.0,0.0,0.0,2.0,100.0,50.0,0.0,0.0,297396.0,48654.0,78700.0,0.0,N,Cash,N,0
final,2260685,89007204,36400.0,36400.0,36400.0, 60 months,14.49,856.24,C,C4,,5 years,RENT,95000.0,Verified,Oct-2016,Charged Off,n,https://lendingclub.com/browse/loanDetail.action?loan_id=89007204,credit_card,Credit card refinancing,906xx,CA,21.5,0.0,Feb-1987,720.0,724.0,0.0,11.0,0.0,55723.0,79.8,24.0,f,0.0,0.0,2539.42,2539.42,1265.29,1274.13,0.0,0.0,0.0,Jan-2017,856.24,May-2017,554.0,550.0,0.0,1.0,Individual,0.0,0.0,481490.0,69800.0,3.0,43772.0,3676.0,91.5,0.0,0.0,82.0,355.0,5.0,5.0,6.0,38.0,6.0,0.0,3.0,5.0,4.0,6.0,5.0,7.0,13.0,5.0,11.0,0.0,0.0,0.0,2.0,100.0,75.0,0.0,0.0,529965.0,137277.0,43500.0,90665.0,N,Cash,N,1
final,2260686,89867167,23800.0,23800.0,23800.0, 60 months,14.49,559.85,C,C4,Exec Dir Internal Audit,10+ years,MORTGAGE,119000.0,Not Verified,Oct-2016,Fully Paid,n,https://lendingclub.com/browse/loanDetail.action?loan_id=89867167,debt_consolidation,Debt consolidation,441xx,OH,32.73,0.0,Aug-1992,685.0,689.0,1.0,13.0,0.0,107747.0,89.5,29.0,f,0.0,0.0,29818.8711947384,29818.87,23800.0,6018.87,0.0,0.0,0.0,Oct-2018,16846.53,Nov-2018,679.0,675.0,0.0,1.0,Individual,0.0,0.0,372285.0,117000.0,4.0,31024.0,6097.0,90.1,0.0,0.0,139.0,289.0,49.0,4.0,5.0,49.0,0.0,0.0,5.0,6.0,5.0,10.0,10.0,8.0,14.0,6.0,13.0,0.0,0.0,0.0,3.0,100.0,100.0,0.0,0.0,406737.0,192571.0,61600.0,95737.0,N,Cash,N,0
final,2260688,89905081,18000.0,18000.0,18000.0, 60 months,9.49,377.95,B,B2,,5 years,OWN,130000.0,Not Verified,Oct-2016,Fully Paid,n,https://lendingclub.com/browse/loanDetail.action?loan_id=89905081,home_improvement,Home improvement,775xx,TX,20.59,0.0,Jul-2004,735.0,739.0,1.0,17.0,0.0,23833.0,34.0,39.0,f,0.0,0.0,20756.2336319436,20756.23,18000.0,2756.23,0.0,0.0,0.0,Aug-2018,12828.77,Mar-2019,709.0,705.0,0.0,1.0,Individual,0.0,0.0,168758.0,70100.0,6.0,9927.0,4161.0,68.2,0.0,0.0,113.0,146.0,17.0,15.0,3.0,17.0,2.0,0.0,3.0,9.0,3.0,5.0,21.0,10.0,15.0,9.0,17.0,0.0,0.0,0.0,0.0,100.0,33.3,0.0,0.0,275356.0,54349.0,13100.0,77756.0,N,Cash,N,0
final,2260690,88948836,29400.0,29400.0,29400.0, 60 months,13.99,683.94,C,C3,Chief Operating Officer,9 years,MORTGAGE,180792.0,Not Verified,Oct-2016,Fully Paid,n,https://lendingclub.com/browse/loanDetail.action?loan_id=88948836,debt_consolidation,Debt consolidation,900xx,CA,22.03,0.0,Mar-2002,705.0,709.0,1.0,16.0,0.0,77480.0,85.2,32.0,f,0.0,0.0,35848.7645317365,35848.76,29400.0,6448.76,0.0,0.0,0.0,Jul-2018,22192.81,Jul-2018,719.0,715.0,0.0,1.0,Individual,0.0,0.0,663465.0,86500.0,4.0,44231.0,8427.0,69.4,0.0,0.0,145.0,174.0,31.0,8.0,3.0,70.0,3.0,0.0,4.0,5.0,7.0,9.0,17.0,8.0,10.0,5.0,16.0,0.0,0.0,0.0,2.0,100.0,42.9,0.0,0.0,719056.0,148305.0,56500.0,95702.0,N,Cash,N,0
final,2260691,89996426,32000.0,32000.0,32000.0, 60 months,14.49,752.74,C,C4,Sales Manager,3 years,MORTGAGE,157000.0,Source Verified,Oct-2016,Charged Off,n,https://lendingclub.com/browse/loanDetail.action?loan_id=89996426,home_improvement,Home improvement,863xx,AZ,10.34,0.0,Jun-2011,735.0,739.0,0.0,14.0,0.0,111598.0,27.4,18.0,f,0.0,0.0,3737.94,3737.94,1876.47,1861.47,0.0,0.0,0.0,Mar-2017,752.74,Dec-2018,499.0,0.0,0.0,1.0,Individual,0.0,0.0,408701.0,207500.0,10.0,29193.0,14118.0,10.6,0.0,0.0,53.0,63.0,4.0,4.0,3.0,4.0,15.0,0.0,5.0,8.0,7.0,7.0,4.0,11.0,11.0,8.0,14.0,0.0,0.0,0.0,2.0,100.0,0.0,0.0,0.0,524379.0,122872.0,15800.0,23879.0,N,Cash,N,1
final,2260692,90006534,16000.0,16000.0,16000.0, 60 months,12.79,362.34,C,C1,Manager,10+ years,RENT,150000.0,Not Verified,Oct-2016,Fully Paid,n,https://lendingclub.com/browse/loanDetail.action?loan_id=90006534,medical,Medical expenses,284xx,NC,12.25,0.0,Aug-1997,665.0,669.0,0.0,12.0,4.0,7700.0,55.0,28.0,f,0.0,0.0,18660.6075694149,18660.61,16000.0,2660.61,0.0,0.0,0.0,Mar-2018,12874.54,Mar-2019,684.0,680.0,0.0,1.0,Individual,0.0,0.0,65797.0,14000.0,9.0,5982.0,2720.0,73.1,0.0,0.0,147.0,229.0,17.0,4.0,0.0,17.0,12.0,1.0,3.0,4.0,4.0,5.0,15.0,6.0,11.0,4.0,12.0,0.0,0.0,0.0,2.0,92.0,50.0,3.0,0.0,87473.0,65797.0,10100.0,73473.0,N,Cash,N,0
final,2260697,88224441,24000.0,24000.0,24000.0, 60 months,14.49,564.56,C,C4,Program Manager,6 years,RENT,110000.0,Not Verified,Oct-2016,Charged Off,n,https://lendingclub.com/browse/loanDetail.action?loan_id=88224441,debt_consolidation,Debt consolidation,334xx,FL,18.3,0.0,Jul-1999,660.0,664.0,0.0,10.0,1.0,17641.0,68.1,31.0,f,0.0,0.0,6755.4,6755.4,3521.91,3233.49,0.0,0.0,0.0,Oct-2017,564.56,Mar-2019,594.0,590.0,0.0,1.0,Individual,0.0,0.0,62426.0,25900.0,7.0,6243.0,4660.0,77.5,0.0,0.0,132.0,206.0,9.0,9.0,2.0,9.0,9.0,1.0,5.0,7.0,5.0,15.0,4.0,8.0,24.0,7.0,10.0,0.0,0.0,0.0,1.0,96.2,40.0,1.0,0.0,84664.0,62426.0,20700.0,58764.0,N,Cash,Y,1
